time,content,images
7月19日 14:07,所有编译器都必须加上中文符号提示好吗？好的。,
6月26日 20:04,姚寒冰我爱你，叶俊我爱你。,
6月23日 22:01,高寄英语听力，寄组,
6月16日 19:13,"为什么要把课设开在期末周
为什么要把课设开在期末周
为什么要把课设开在期末周
为什么要把课设开在期末周
为什么要把课设开在期末周
为什么要把课设开在期末周
展开全文",
6月12日 00:52,🪼,
6月7日 22:37,第五个夏天！,https://qq.ugcimg.cn/v1/sdteqn2cvtiageiophlb7aho1jvvjthq14sea457c94o5bi1p858umhl2pufgjnh0mo4m2052btgu1rhio428mj7mcogi8lhbh6lm816tnqhuvtuk6j0kgg9m4hmv6g9miglg46kg2dij6v1qm96ctv30o/e9vf2tsqr6j29hl2kodb3vahlc
5月22日 16:08,井喷😄,https://a1.qpic.cn/psc?/V13NCa9820LrLQ/TmEUgtj9EK6.7V8ajmQrEBLfDH4b0kDbEx1c5nbA*YNZiKIOPIPS7TrtLkguZ7O1gBTreQYLFopzzWVtWRlfyuf6R5vIBaSHgyL.yNRloeg!/c&ek=1&kp=1&pt=0&bo=QAZVCEAGVQgWECA!&t=5&tl=3&vuin=3287424602&tm=1753462800&dis_t=1753464146&dis_k=524e429c64ebd0fc254fba3964b22ea3&sce=60-2-2&rf=0-0
5月20日 14:34,520是什么我的羞辱仪式吗😄😄😄,
5月18日 23:45,"两年前的自己会喝二食堂哆啦A梦杯装珍珠奶茶。
一年前的的自己会吃小渔村水运一的香辣鱼粉。
现在的自己会吃南湖巷的香香牛肉面。",https://a1.qpic.cn/psc?/V13NCa9820LrLQ/TmEUgtj9EK6.7V8ajmQrEEj029zHFJIfJp*WpcQmBlNlAxzIfsQH2A6EgX9hpwI2uKJs8pUATsIlTGew7H1K9k.BdWP*P*0eqY4jFhc2P04!/m&ek=1&kp=1&pt=0&bo=QAZVCEAGVQgWECA!&t=5&tl=3&vuin=3287424602&tm=1753462800&dis_t=1753464146&dis_k=6a764181d0c2c55ffc3aff645539e9c5&sce=60-4-3&rf=0-0|https://a1.qpic.cn/psc?/V13NCa9820LrLQ/TmEUgtj9EK6.7V8ajmQrEEj029zHFJIfJp*WpcQmBlO5uFHZRHpLR1U5LeAAOLjg30OKyBGs2Q.n3HRxRhJhp1tFB8Tqb9TdIHi0LZV3CgM!/m&ek=1&kp=1&pt=0&bo=fwc4BH8HOAQWECA!&t=5&tl=3&vuin=3287424602&tm=1753462800&dis_t=1753464146&dis_k=765cdfa60c4b654a2de47a315b2ac9c8&sce=60-4-3&rf=0-0|https://a1.qpic.cn/psc?/V13NCa9820LrLQ/TmEUgtj9EK6.7V8ajmQrENT750*JzWA*JKGw.L5WnBYabwQHNTiy31z8bZfDZX5xvXyLL4jVmZ53rdIXIGlKD4O*tuljOUHUyNnQaAxn1TQ!/m&ek=1&kp=1&pt=0&bo=OAR*BzgEfwcWECA!&t=5&tl=3&vuin=3287424602&tm=1753462800&dis_t=1753464146&dis_k=8c73e64410ed01620914c43405dc6e23&sce=60-4-3&rf=0-0
5月1日 22:41,五一第一爽,https://a1.qpic.cn/psc?/V13NCa9820LrLQ/TmEUgtj9EK6.7V8ajmQrEB*sZIoRvsEZbttT5OqmkCRv8h3HZwE8toy0v*Kclv7MHVvgRb61nO40EBXJ.Os44QFvXmQF.NDNv6rjyV9bQ*s!/m&ek=1&kp=1&pt=0&bo=bAk8BGwJPAQWECA!&t=5&tl=3&vuin=3287424602&tm=1753462800&dis_t=1753464146&dis_k=31582d4a5b1428ab414ca4738ba2abed&sce=60-4-3&rf=0-0|https://a1.qpic.cn/psc?/V13NCa9820LrLQ/TmEUgtj9EK6.7V8ajmQrEHlvkCn0XqKoVsdyc8EZ8A1ivonmAorls6h0nwSnl0W225SP.4IFujt7VUfEkbVq2lRFO5xJnocnYxJbDyLGwro!/m&ek=1&kp=1&pt=0&bo=bAk8BGwJPAQWECA!&t=5&tl=3&vuin=3287424602&tm=1753462800&dis_t=1753464146&dis_k=2b1c798b357b143f959245c7e9611744&sce=60-4-3&rf=0-0|https://a1.qpic.cn/psc?/V13NCa9820LrLQ/TmEUgtj9EK6.7V8ajmQrEHlvkCn0XqKoVsdyc8EZ8A0Cr1sHYix1Ue3eoLuneB*8j25slhjW7I4WEvNmOVh8ojPTGrbxIplaf2qEzDZGxXU!/m&ek=1&kp=1&pt=0&bo=bAk8BGwJPAQWECA!&t=5&tl=3&vuin=3287424602&tm=1753462800&dis_t=1753464146&dis_k=6172fd56675fb0992ad4a6dbc3adad47&sce=60-4-3&rf=0-0
4月30日 21:14,我的无力成为了我的败笔。,
4月19日 22:28,。,https://a1.qpic.cn/psc?/V13NCa9820LrLQ/TmEUgtj9EK6.7V8ajmQrEEZ3h9.Shtw6OnR*sftJ.OoMY301CCG5GYxivJfywVx71kLTqwBAK5GKolnPL3UlZuPBTxFTU*D4xSpVAYFB8zc!/c&ek=1&kp=1&pt=0&bo=oQlABqEJQAYWECA!&t=5&tl=3&vuin=3287424602&tm=1753462800&dis_t=1753464153&dis_k=dc08f20975945df378870333716b9022&sce=60-2-2&rf=0-0
4月19日 01:58,凌晨的好处是用dp一点都不卡了呢,
4月18日 09:56,恨死查重了,
4月10日 09:17,"老板给我来碗忘情牛肉面
不放眼泪不放痛放忘情汤
我要忘掉曾经你所有味道
从此爱恨随意飘摇
展开全文",https://a1.qpic.cn/psc?/V13NCa9820LrLQ/TmEUgtj9EK6.7V8ajmQrED4irWJkQI564XKsJ4SOfEb1.rIKGUD7L6Xbw4yCnYe1A9XMQ5FQowRzQgVh1zmhgcbD1mfH.ub6c68T3Ggstqk!/c&ek=1&kp=1&pt=0&bo=OAR*BzgEfwcWECA!&t=5&tl=3&vuin=3287424602&tm=1753462800&dis_t=1753464153&dis_k=8056eb36ef198225175bbab8a95df999&sce=60-2-2&rf=0-0
4月8日 17:14,能不能回到清明假期第一天我求求了,
4月3日 15:30,萝卜快跑,https://a1.qpic.cn/psc?/V13NCa9820LrLQ/TmEUgtj9EK6.7V8ajmQrEHccC5hQ8x8ONOvQY4d.hNRg470wNXvN4BInRL9cAJ4484xuOfb2bOf41swjEqb8zW6XVhptSfVpnST93y25WpE!/c&ek=1&kp=1&pt=0&bo=fwc4BH8HOAQWECA!&t=5&tl=3&vuin=3287424602&tm=1753462800&dis_t=1753464153&dis_k=e5c70ca5b099d6f17c84165d54016ff8&sce=60-2-2&rf=0-0
4月2日 21:18,活不下去了怎么办,
4月1日 00:15,今天将有多少女孩借着愚人节的幌子给我表白，又将有多少女孩用愚人节的借口来假装和我表白试探我？大可不必了，其实我早就想公布恋情了。但是，如果我现在公布恋情，那会有多少人疯掉？会有多少人走向天台？医院是否会人满为患？微博后台是否会完全瘫痪？是多少人心碎的夜晚？我难以想象。抱歉，伤害你们的事我做不到。,
3月28日 14:30,"代码全报错
项目不通过
辛苦没成果",
3月22日 09:39,恕瑞玛，你们的国王回来了,
3月20日 16:38,"咦，好了，我中了
调了一天终于跑出来了。
感谢gpt，感谢kimi，感谢deepseek，感谢csdn，感谢豆包，谢谢你们",https://a1.qpic.cn/psc?/V13NCa9820LrLQ/TmEUgtj9EK6.7V8ajmQrEBjdWk8lc5epMAl.YYuWo4*tfHm1ymN9zUwmEI8JJirSU3UmH.TmrcOoDSqW.v1RqCnKtVX*DTO*jhpM1nkcsBU!/m&ek=1&kp=1&pt=0&bo=eAIUA3gCFAMDEDU!&tl=1&vuin=3287424602&tm=1753462800&dis_t=1753464158&dis_k=a61fdc445c18c00401e81c7e46f8a366&sce=60-4-3&rf=0-0|https://a1.qpic.cn/psc?/V13NCa9820LrLQ/TmEUgtj9EK6.7V8ajmQrEBjdWk8lc5epMAl.YYuWo4*7zAR9*K7rcnSCEpsj2ecIa6VVRNLj0APbPC7cfxMGzUtE52Exn9B.A3JpA.X0hAU!/m&ek=1&kp=1&pt=0&bo=OAR*BzgEfwcWECA!&t=5&tl=3&vuin=3287424602&tm=1753462800&dis_t=1753464158&dis_k=8512712419885617da8bb0a4aaeac14f&sce=60-4-3&rf=0-0|https://a1.qpic.cn/psc?/V13NCa9820LrLQ/TmEUgtj9EK6.7V8ajmQrEBjdWk8lc5epMAl.YYuWo48dEzIYuHkHRAtoxmCEeHCgNVM1FCT1CckmJdSSHpvRJDYUV66WF*AxKL1KxWs9erc!/m&ek=1&kp=1&pt=0&bo=Ywk4BGMJOAQWECA!&t=5&tl=3&vuin=3287424602&tm=1753462800&dis_t=1753464158&dis_k=28e3535ff8bad55570b1b43ccb1a3674&sce=60-4-3&rf=0-0
3月15日 22:57,。,https://a1.qpic.cn/psc?/V13NCa9820LrLQ/TmEUgtj9EK6.7V8ajmQrEBzn3p*PBKeFpEC*29Hj1ZwAO6yiDUjVaxNv6JDoIE4NyfaXARGdheLg06*5f9xdHhLPAPjyHDSwPISjcOwoNbo!/c&ek=1&kp=1&pt=0&bo=OAR*BzgEfwcWECA!&t=5&tl=3&vuin=3287424602&tm=1753462800&dis_t=1753464158&dis_k=0728909148b9d8b54e7f99a176d5d661&sce=60-2-2&rf=0-0
3月15日 22:04,跟做梦一样,https://a1.qpic.cn/psc?/V13NCa9820LrLQ/TmEUgtj9EK6.7V8ajmQrEFSl71IzEFFhWcyb.hA51h6m088c5ZQzqy8fo617tj.Od9KMNlT6*TAgBFD9iVdWxMuxIi.ke.CjI7ueWlNTcQY!/m&ek=1&kp=1&pt=0&bo=VQhABlUIQAYWECA!&t=5&tl=3&vuin=3287424602&tm=1753462800&dis_t=1753464158&dis_k=d4c0197c176853790c1f724d4ad337d2&sce=60-4-3&rf=0-0|https://a1.qpic.cn/psc?/V13NCa9820LrLQ/TmEUgtj9EK6.7V8ajmQrEBjdWk8lc5epMAl.YYuWo4*u*hscxh87mwQ8pm7BvE0*fZ7BO6sKBBDutqH.6WFD3HjWmt3532LANNiN6GTOzws!/m&ek=1&kp=1&pt=0&bo=VQhABlUIQAYWECA!&t=5&tl=3&vuin=3287424602&tm=1753462800&dis_t=1753464158&dis_k=6564743106834ba5ccaad1149be51f75&sce=60-4-3&rf=0-0|https://a1.qpic.cn/psc?/V13NCa9820LrLQ/TmEUgtj9EK6.7V8ajmQrEBjdWk8lc5epMAl.YYuWo4.iNgtV9Sia3d6u0TINUuEifvgACy6AaVyFTfgXvCWuCGeqyTi.sfJ3shNI8hPhbqQ!/m&ek=1&kp=1&pt=0&bo=VQhABlUIQAYWECA!&t=5&tl=3&vuin=3287424602&tm=1753462800&dis_t=1753464158&dis_k=5abda3110861e91a926ae4edfb483702&sce=60-4-3&rf=0-0|https://a1.qpic.cn/psc?/V13NCa9820LrLQ/TmEUgtj9EK6.7V8ajmQrEBjdWk8lc5epMAl.YYuWo49BSxjwbLb5W1DS31bU8tPLiESwWqj9bQK96YkWZw6pemXpqHpU4sS459MGeOW4nKs!/m&ek=1&kp=1&pt=0&bo=VQhABlUIQAYWECA!&t=5&tl=3&vuin=3287424602&tm=1753462800&dis_t=1753464158&dis_k=e26eb75ead1504b887189edffdde32ce&sce=60-4-3&rf=0-0|https://a1.qpic.cn/psc?/V13NCa9820LrLQ/TmEUgtj9EK6.7V8ajmQrEBjdWk8lc5epMAl.YYuWo4*3OlLTMvHxOzL19ofyE*kk9T4he*77EUOvL9IPGBhYgbhB0ku38qIOydOuv3egKc8!/m&ek=1&kp=1&pt=0&bo=VQhABlUIQAYWECA!&t=5&tl=3&vuin=3287424602&tm=1753462800&dis_t=1753464158&dis_k=54ef90e0f9217f0154efe34312845da3&sce=60-4-3&rf=0-0|https://a1.qpic.cn/psc?/V13NCa9820LrLQ/TmEUgtj9EK6.7V8ajmQrEGd4QuoCDA0tA5mTQRLloFOuGoKYeJxNhRNpIffIGEaSgrXjNzik4*easmKwDKZRFzDcS33pZovIqs4EN*Wbt70!/m&ek=1&kp=1&pt=0&bo=VQhABlUIQAYWECA!&t=5&tl=3&vuin=3287424602&tm=1753462800&dis_t=1753464158&dis_k=1b3f9343e54fa85ce727921ac46c8d37&sce=60-4-3&rf=0-0|https://a1.qpic.cn/psc?/V13NCa9820LrLQ/TmEUgtj9EK6.7V8ajmQrEGd4QuoCDA0tA5mTQRLloFNwsTPgzLX5mW9kyZx3vm2.KZtELMBFTlEXUrNdrBl.w3V9EwYNpLr7aC*ziqIC.UY!/m&ek=1&kp=1&pt=0&bo=VQhABlUIQAYWECA!&t=5&tl=3&vuin=3287424602&tm=1753462800&dis_t=1753464158&dis_k=bbf589c5848e908e6544877ceb37613b&sce=60-4-3&rf=0-0|https://a1.qpic.cn/psc?/V13NCa9820LrLQ/TmEUgtj9EK6.7V8ajmQrEGd4QuoCDA0tA5mTQRLloFPR2JQen3l5NnfT6dU1NOCQFlzvs1.zDkjR7apnAUGdLsqXglMMFF.W.OCH0016kWY!/m&ek=1&kp=1&pt=0&bo=VQhABlUIQAYWECA!&t=5&tl=3&vuin=3287424602&tm=1753462800&dis_t=1753464158&dis_k=0d4a7d9c3b65fc8223bc223026e0a30f&sce=60-4-3&rf=0-0|https://a1.qpic.cn/psc?/V13NCa9820LrLQ/TmEUgtj9EK6.7V8ajmQrEGd4QuoCDA0tA5mTQRLloFPBNGXkshgCBWyZ.O5xrVcEXOTc14At.YS8m.uYeFZ5nHMor935RcioXl4Anaa31LQ!/m&ek=1&kp=1&pt=0&bo=VQhABlUIQAYWECA!&t=5&tl=3&vuin=3287424602&tm=1753462800&dis_t=1753464158&dis_k=c8b5350155632ac5f652dc1af6db860f&sce=60-4-3&rf=0-0
3月15日 20:38,做一辈子偶像好吗？,https://a1.qpic.cn/psc?/V13NCa9820LrLQ/TmEUgtj9EK6.7V8ajmQrEGr6kKRigRijbw4O73c*QLDgRe3Tgqc*wIRLTCY8roRWlf2cBEp5k82fYIcNN3MvzoUlGHZlpQTO.AXwqw6wBPo!/c&ek=1&kp=1&pt=0&bo=VQhABlUIQAYWECA!&t=5&tl=3&vuin=3287424602&tm=1753462800&dis_t=1753464158&dis_k=f9aa991f1c65b1db86653abc1610170c&sce=60-2-2&rf=0-0
3月11日 15:50,想我的好朋友PTA了,
2月28日 22:54,One by one.,
2月20日 14:28,恕瑞玛，你们的国王回来了,
1月28日 22:23,我是小学生，我要唱孤勇者！,
1月28日 05:23,"除夕当庆贺走街串巷过 除夕当庆贺知足更常乐 除夕当庆贺能与你度过 这团圆时刻年夜饭摆一桌
祝大家除夕快乐",
1月23日 12:52,玩不起围棋别玩了,
1月23日 00:22,"“赠我弯弯一枚月 也赠予我晚星。”
2024年于我有巨大的变化，有离别，有重逢，最后千千万万次过去，我遇见晚星。",https://qq.ugcimg.cn/v1/ejrjt9tmsgau797pbp871orv1ecud7mdg3uedhq9pn90fh1fsjq3l6502hpa3k0m3sa7q8rl1j1tkf177cffpapasahq3r73sfuea60/0qmiknmqm1ulipm3ln3hrdh9k4
1月21日 21:55,科四能不能裸考？,
1月18日 17:48,,https://a1.qpic.cn/psc?/V13NCa9820LrLQ/TmEUgtj9EK6.7V8ajmQrEFzobBmw*0s4dTLXtMOlFPFoRf*jSXRYSXR5EPbfTIo2BYmYwgMUWdGmToEOQvL3.Jlr.GS3QOSHov99wRkWxNs!/c&ek=1&kp=1&pt=0&bo=VQhABlUIQAYWECA!&t=5&tl=3&vuin=3287424602&tm=1753462800&dis_t=1753464160&dis_k=965bd01a737f6a74674bb3a796593b99&sce=60-2-2&rf=0-0
1月10日 09:23,,https://a1.qpic.cn/psc?/V13NCa9820LrLQ/TmEUgtj9EK6.7V8ajmQrEBLfDH4b0kDbEx1c5nbA*YNOOUDaReEdsFobEzOGMphwY.7l2du6VECiVgjvNwtIg2HDA7IxXdEC9iCtkl370fI!/c&ek=1&kp=1&pt=0&bo=QAZVCEAGVQgWECA!&t=5&tl=3&vuin=3287424602&tm=1753462800&dis_t=1753464160&dis_k=8f358a77d3d19f7025a1df7682241274&sce=60-2-2&rf=0-0
1月9日 15:02,现在还在图书馆自习，打败百分之九十九大学生,
1月7日 13:49,期末复习偶遇数值分析，公式证明强如怪物，拼尽全力无法战胜。,
1月1日 00:02,第五年！！！,https://a1.qpic.cn/psc?/V13NCa9820LrLQ/TmEUgtj9EK6.7V8ajmQrEEj029zHFJIfJp*WpcQmBlMFoCPSMMfckqHdObHUMrYXsXOk3UsY93hmjpoW4xpld6u0TGInuY3wd2bq9x0wEPU!/c&ek=1&kp=1&pt=0&bo=VQhABlUIQAYRECc!&t=5&tl=3&vuin=3287424602&tm=1753462800&dis_t=1753464160&dis_k=cd089f32c68e24eef0e44f3e34eca50d&sce=60-2-2&rf=0-0
2024年12月31日 19:45,,https://a1.qpic.cn/psc?/V13NCa9820LrLQ/TmEUgtj9EK6.7V8ajmQrEBAGF*5mmsTL.eGdHonKdKt.kkkT07xr2GymLU1tA0wtkJKKoku00a.1xdwrpq2GiJ0W5WEVH6eKFurKr6Vk37w!/c&ek=1&kp=1&pt=0&bo=9gI4BPYCOAQRECc!&t=5&tl=3&vuin=3287424602&tm=1753462800&dis_t=1753464160&dis_k=ed040925fa2d7d9625b0a8b42c5e17e3&sce=60-2-2&rf=0-0
2024年12月28日 13:02,,https://qq.ugcimg.cn/v1/kgij0dgogojudbgdrb7hf10ajnll990kfaq58rr2gfu7v499mgfa7cnsr2ffoeoqqgcesp8rs4qq5eje8tglmje7f7d96julp65j78i5bdn38lc6qdj0h6mi1q0f5o33htpnv6fgkhrccehaodiifk5jfk/e9vf2tsqr6j29hl2kodb3vahlc
2024年12月26日 14:29,能不能延迟过年,
2024年12月24日 15:38,,https://a1.qpic.cn/psc?/V13NCa9820LrLQ/TmEUgtj9EK6.7V8ajmQrEEFvY4gChhAdG94T2OiJ4CrxV7L68QSX3DBhd2m7d4ozZHXi6O9sAqKY.sPEUB9S6h4NUAyXzc1X5RGB91ri1gQ!/c&ek=1&kp=1&pt=0&bo=dgF2AXYBdgERECc!&t=5&tl=3&vuin=3287424602&tm=1753462800&dis_t=1753464165&dis_k=2c8bfcb886b86f1d916611fea4fcb552&sce=60-2-2&rf=0-0
2024年12月22日 00:24,冬至已过，黑夜渐短，白昼渐长。,
2024年12月21日 15:48,今天是冬至，我由衷地期望这个冬天能够充满奇迹。,https://a1.qpic.cn/psc?/V13NCa9820LrLQ/TmEUgtj9EK6.7V8ajmQrEIwviH2tIEcd4KQprX8AZItcRkStVohFoJjc3hLa*8unPy8HIZ3QzFeJ5ConlheC9GORdwTiLVL20sQnrQ8veVQ!/m&ek=1&kp=1&pt=0&bo=VQhABlUIQAYRECc!&t=5&tl=3&vuin=3287424602&tm=1753462800&dis_t=1753464165&dis_k=cd9bdc74b3653a668252068643789eff&sce=60-4-3&rf=0-0|https://a1.qpic.cn/psc?/V13NCa9820LrLQ/TmEUgtj9EK6.7V8ajmQrEIwviH2tIEcd4KQprX8AZIt*rrQ3GjwDDm87y0Z4.S8tAq835KKZJE39NBvVd4R5LySsj3YMRa*3JlR0*BlQjig!/m&ek=1&kp=1&pt=0&bo=VQhABlUIQAYRECc!&t=5&tl=3&vuin=3287424602&tm=1753462800&dis_t=1753464165&dis_k=2066c802b4d909232956b27f1186e626&sce=60-4-3&rf=0-0|https://a1.qpic.cn/psc?/V13NCa9820LrLQ/TmEUgtj9EK6.7V8ajmQrEIwviH2tIEcd4KQprX8AZItObfwRl9D3ppjuWmHQGtpw6168.e3GR*p7DBE4aGSVd41.1K2*TQvefQ6*6ElB67U!/m&ek=1&kp=1&pt=0&bo=QAZVCEAGVQgRECc!&t=5&tl=3&vuin=3287424602&tm=1753462800&dis_t=1753464165&dis_k=87d77960725970928fa3ee268ca573b8&sce=60-4-3&rf=0-0
2024年12月17日 16:44,期末复习偶遇java，疯狂报错强如怪物，拼尽全力无法战胜。,
2024年12月14日 17:31,卷子手感很棒，我明年还要来考,
2024年12月11日 19:57,祝大家新年快乐，帮帮忙填个问卷🥹🥹🥹,https://a1.qpic.cn/psc?/V13NCa9820LrLQ/TmEUgtj9EK6.7V8ajmQrEFu0H1hSlyKKEGCxqP6IARNDrK0hnIi1Az7C7zZJb13rkN0p7uWMkwHmu*8NvyiRln30KIjhrcyk03No6F5.2qE!/c&ek=1&kp=1&pt=0&bo=gAIsBIACLAQWECA!&t=5&tl=3&vuin=3287424602&tm=1753462800&dis_t=1753464165&dis_k=ed5c42ef54109298c1befb2a1531f5e0&sce=60-2-2&rf=0-0
2024年12月8日 21:22,我今天为什么没有八点起床去东院图书馆自习，我会永远无法释怀这沉重的一天。,
2024年12月4日 23:30,前两周凭眼缘借了一本书，因为太忙了一直没时间去看，今天终于空闲翻开来看，犹如吃了过期的一样难受。,
2024年12月1日 20:50,java把我这辈子都毁了,
2024年11月22日 21:11,"其实我小学的时候最喜欢上微机课，因为每次都能玩4399小游戏。
今天我上了一天的网吧，却怎么也找不到当时的快乐了",
2024年11月17日 23:30,今夜，星光闪闪。,
2024年11月14日 18:50,我东门那么大个炸蘑菇去哪了呢,
2024年11月9日 19:40,今年的秋天格外明显，愈发觉得自己的选择如同那梧桐的叶脉，历历可见。,
2024年10月31日 23:42,"还在为头脑简单看不懂新番而发愁吗？还在为思想浅薄只会人云亦云、拾人牙慧、鹦鹉学舌而遭人鄙夷吗？
《贝拉新番杂谈》，从另一维...",https://qq.ugcimg.cn/v1/sdteqn2cvtiageiophlb7aho1is0tdlvc28h8suqanr7jgh50g5uaq9g1fp56qvsb0ubnt1jn9n5tl3tof90l593k22n1cikpsukfbm2p06b7tkn9ffe27ci5cf3bss7v0il6i1qk320ojgbhha1dbcs6o/e9vf2tsqr6j29hl2kodb3vahlc
2024年10月27日 19:35,"花车颠呀颠，纳西妲睁开眼。
纳西妲的生日就是今天！",https://a1.qpic.cn/psc?/V13NCa9820LrLQ/TmEUgtj9EK6.7V8ajmQrEIwviH2tIEcd4KQprX8AZIujYcHGgILGhgm..w9Xs71AasqIpEXfHLCYS9eJtO72WU*D1kz1HpxZ3pYXXW4Giag!/m&ek=1&kp=1&pt=0&bo=bAk8BGwJPAQWECA!&t=5&tl=3&vuin=3287424602&tm=1753462800&dis_t=1753464169&dis_k=6dcaef7e8d5a8257a4d85d402f749e8e&sce=60-4-3&rf=0-0|https://a1.qpic.cn/psc?/V13NCa9820LrLQ/TmEUgtj9EK6.7V8ajmQrEIwviH2tIEcd4KQprX8AZIuJnVAvkf50x*Ffs6JmbI3C0aX0*SL6rmNtRKGf2NsA9lD6c93dtsYeEKqIM43FMZ8!/m&ek=1&kp=1&pt=0&bo=bAk8BGwJPAQWECA!&t=5&tl=3&vuin=3287424602&tm=1753462800&dis_t=1753464169&dis_k=c7957c8d9b1479cfd361a842b747171f&sce=60-4-3&rf=0-0|https://a1.qpic.cn/psc?/V13NCa9820LrLQ/TmEUgtj9EK6.7V8ajmQrEIwviH2tIEcd4KQprX8AZIsLu9SzhzYnCKaoMwiKbt23.tYiu**f2Qs62klwxHoL0SFnFvGaIoj*YZkU1*puq08!/m&ek=1&kp=1&pt=0&bo=bAk8BGwJPAQWECA!&t=5&tl=3&vuin=3287424602&tm=1753462800&dis_t=1753464169&dis_k=48e78862f15e6fc409722a4be439926e&sce=60-4-3&rf=0-0|https://a1.qpic.cn/psc?/V13NCa9820LrLQ/TmEUgtj9EK6.7V8ajmQrEBLfDH4b0kDbEx1c5nbA*YO81hUd.ivXRm.NypRRTQCdO6WyYsO3UWS8N1WINIzPG8sgUSgbC4YHH8mBklUl6kk!/m&ek=1&kp=1&pt=0&bo=EQctAxEHLQMWECA!&t=5&tl=3&vuin=3287424602&tm=1753462800&dis_t=1753464169&dis_k=a9c7a88b427b8590fc099069ae791fdf&sce=60-4-3&rf=0-0|https://a1.qpic.cn/psc?/V13NCa9820LrLQ/TmEUgtj9EK6.7V8ajmQrEBLfDH4b0kDbEx1c5nbA*YML80q80ZGucNsHHENmuAMKCnMtHmKuZ2pacw9htaWssm9AKrgumNe9de34Ge1hJr4!/m&ek=1&kp=1&pt=0&bo=bAk8BGwJPAQWECA!&t=5&tl=3&vuin=3287424602&tm=1753462800&dis_t=1753464169&dis_k=9ad7f78188a6ed53005f3e42970a8d36&sce=60-4-3&rf=0-0|https://a1.qpic.cn/psc?/V13NCa9820LrLQ/TmEUgtj9EK6.7V8ajmQrEBLfDH4b0kDbEx1c5nbA*YPc2Qwlt8m0YG...1XN7ACHSX0IWlzJKSdXZJll6.oU.VSCqFAJ*oI*zvXRooNm45w!/m&ek=1&kp=1&pt=0&bo=bAk8BGwJPAQWECA!&t=5&tl=3&vuin=3287424602&tm=1753462800&dis_t=1753464169&dis_k=79c191eef8c8f3eb926324a9d087e0a0&sce=60-4-3&rf=0-0|https://a1.qpic.cn/psc?/V13NCa9820LrLQ/TmEUgtj9EK6.7V8ajmQrEBLfDH4b0kDbEx1c5nbA*YOnmdfWT2XXqL4eijPvIn*LYwgt7qq3XbRu2hZXi*utvaC7JN40v87nEJCGffJMpHs!/m&ek=1&kp=1&pt=0&bo=bAk8BGwJPAQWECA!&t=5&tl=3&vuin=3287424602&tm=1753462800&dis_t=1753464169&dis_k=a8e716d64cc683bc4f07162ca6e82a5d&sce=60-4-3&rf=0-0|https://a1.qpic.cn/psc?/V13NCa9820LrLQ/TmEUgtj9EK6.7V8ajmQrEBlkNokWnDjVOWS8iOeAqo.3HhEIJuYCQV7Zey*kPUMGpSTaJ6DbJtCbXG1WFWz3byIql.Y1WZLLTr8kaBm5HJc!/m&ek=1&kp=1&pt=0&bo=bAk8BGwJPAQWECA!&t=5&tl=3&vuin=3287424602&tm=1753462800&dis_t=1753464169&dis_k=31bab0cc8a20c7b93fdaa9c63aa645f6&sce=60-4-3&rf=0-0|https://a1.qpic.cn/psc?/V13NCa9820LrLQ/TmEUgtj9EK6.7V8ajmQrEBlkNokWnDjVOWS8iOeAqo*gsY8K3lF.z4rpLBv.OlqP5ZSimGMz5gBoj5JYbxqTBdHjKcY1*YmJ8eVhZDef40U!/m&ek=1&kp=1&pt=0&bo=bAk8BGwJPAQWECA!&t=5&tl=3&vuin=3287424602&tm=1753462800&dis_t=1753464169&dis_k=7f1029c1e12dd603c9955454137f1657&sce=60-4-3&rf=0-0
2024年10月24日 17:59,我讨厌抓娃娃。,
2024年10月18日 22:11,......,https://pic.ugcimg.cn/97bbe24eab62bad8deb2f0fbc8194dd1/jpg1
2024年10月13日 07:17,我叫夯大力，我重生了，前天周五，今天周六，我上早八,
2024年10月12日 14:08,我叫夯大力，我穿越了，昨天是周五，今天是周一。,
2024年9月27日 23:41,每次在首页刷到都要再欣赏一遍,https://qq.ugcimg.cn/v1/m462moqkddr44geokh4uqbfvd6hc0b4144svhlkov0sp950k4ec3391b796pojupb9j6e2qfnm3rclk39v598hh67nf7fv14oai1j44tcu21c6ii455ike88v5sh3qedmjc5keovqllt6267l2sl8buihc/e9vf2tsqr6j29hl2kodb3vahlc
2024年9月26日 00:12,我真的很想吃水运一食堂一楼的鱼粉，我觉得那是世界上最好吃的东西,
2024年9月24日 09:22,活腻了可以试试早八体育课,
2024年9月20日 11:37,十一点半下课看见全是绿豆骑小黄我天都塌了。,
2024年9月16日 18:35,走咯。,https://a1.qpic.cn/psc?/V13NCa9820LrLQ/TmEUgtj9EK6.7V8ajmQrEFzobBmw*0s4dTLXtMOlFPHN3U738KApIA.xUxm42TyRUzmHBasnJkCR0DF4VPtNTCJ73o3dEBP1bKhTvYx72z0!/c&ek=1&kp=1&pt=0&bo=OASgBTgEoAUWECA!&t=5&tl=3&vuin=3287424602&tm=1753462800&dis_t=1753464174&dis_k=2195c935f053647f1025bda7220e0cf2&sce=60-2-2&rf=0-0
2024年9月16日 13:14,幸福完了,https://a1.qpic.cn/psc?/V13NCa9820LrLQ/TmEUgtj9EK6.7V8ajmQrEMKplYP1DvNLITxOd5*kILUZN2.bmZO87OCwezVyTpBCInCGbWVzSjtf0gvcI.PpuSsnQJDF90hwvFmJMxdqbWg!/c&ek=1&kp=1&pt=0&bo=VQhABlUIQAYWECA!&t=5&tl=3&vuin=3287424602&tm=1753462800&dis_t=1753464174&dis_k=b3b66da2c1cd1abb366f6d792a56f631&sce=60-2-2&rf=0-0
2024年9月15日 15:15,"好看吗？
拿命拍的",https://photogzmaz.photo.store.qq.com/psc?/V13NCa9820LrLQ/TmEUgtj9EK6.7V8ajmQrEAH1uFxWo.i4su.ITPBLwmf9esAi0OxUUv3GtSevPMHJlPoRmjH0Hj37z94XAYujDDGR.oziJo0eUG0Rzpyqg.I!/c&bo=HAtABhwLQAYBFzA!
2024年9月14日 22:56,蓟县！,
2024年9月14日 22:17,我是傻逼，我真蠢傻逼。,
2024年9月14日 21:30,我以后再也不会出门了,
2024年9月14日 14:18,靠北，今天听到季风性气候有种恍若隔世的感觉,
2024年9月10日 19:56,jccwwnm,
2024年9月10日 09:34,军爷不能骑共享单车,
2024年9月9日 10:01,"第一，军爷不能骑共享单车。
第二，土豆不能用作服务器。",
2024年9月7日 23:59,今天是白露，汗水都会化作宝珠。,
2024年9月7日 07:59,抵达世界最高巅,
2024年9月6日 22:36,姐明天大驾余家头，有没有人能给我磕两个头？,
2024年9月6日 16:42,受不了出了校门没地铁的日子了,
2024年9月5日 23:28,上一天课了，铲铲D不到，鸣潮手法菜，王者被压力，原神没更好，活不下去了,
2024年9月5日 14:58,扣1为24届种太阳,
2024年9月3日 22:46,卡萨丁再不滚出金铲铲我就要滚出金铲铲了,
2024年9月3日 18:55,这破教室呆得比驾校还热,
2024年9月2日 12:35,水运一食堂能不能在南湖开分店,
2024年8月31日 00:53,为什么我还没开始放假就要上学了,
2024年8月28日 23:20,今年的夏天过得好快,
2024年8月25日 12:43,哪怕花朵没结果，风也会说她来过。,https://qq.ugcimg.cn/v1/m462moqkddr44geokh4uqbfvd5omerst1181607rt9a6v6lkd8d7dtfea3hv5n3emp8f0b7cer4j8l97jps89ff1688jrt6pptoo6ppbpbnkk6db4amrpgi5rsq8dv3tqj3ldn8eq49pdqu358l984sm6g/e9vf2tsqr6j29hl2kodb3vahlc
2024年8月22日 12:39,已拿下，我恨考试车后视镜有毛病,
2024年8月22日 09:17,今天是处暑，我紧张得想鼠。,
2024年8月8日 21:41,每次听到这首歌，总能回想起疫情的冬天，日头照得晚，天亮得慢。,https://qq.ugcimg.cn/v1/uoggoplcc2tud50oh7r1p2a6f61g5mtu8mkef62co0cnotoofpvonq20lgbon8drucfl8a2tkabirhmp5e8clodjqv8uc5si3jvgoeeb46opr502mhq0tjkdhm79gd8t3uu82m4bmaqpdotq09p90itrir977j8frt0fe1uku7nqh5a0lnb8qjl8cgcfh1921j76g32vn69cg/bulps27rab4hblqf1sch7rk5o3fe6t09r9mt9r99cocnc79v7v00
2024年8月7日 05:20,今天是立秋，往日的美好都历历久久。,
2024年7月29日 22:30,官宣。,https://a1.qpic.cn/psc?/V13NCa9820LrLQ/TmEUgtj9EK6.7V8ajmQrEEj029zHFJIfJp*WpcQmBlM5ywx*zqzDYs6eeHlZugr0GJMmWLVKTnRtXr5ug3Jwd1QxdpXjwUhS2rD.90Jxh1Q!/c&ek=1&kp=1&pt=0&bo=agjABGoIwAQWECA!&t=5&tl=3&vuin=3287424602&tm=1753462800&dis_t=1753464186&dis_k=fa7dab4e7474a859b5b4509ea47515f8&sce=60-2-2&rf=0-0
2024年7月24日 10:53,当学姐真的很爽，谁懂？,
2024年7月23日 07:12,神州驾校你就来吧，一来一个不吱声,
2024年7月22日 14:19,突然好感慨，一年前我也是个狂热的op,
2024年7月22日 11:25,今天是大暑，热得我想鼠。,
2024年7月21日 11:25,无奖问答，练车一台车配多少个人？,
2024年7月19日 00:15,A！＝‘A’；,https://pic.ugcimg.cn/d0003de2073616bbc546f82d34a76c46/jpg1
2024年7月16日 18:37,我再也不会和zjq一起玩金铲铲了,
2024年7月15日 19:03,今天教了个小孩x²-1＝0不会算，关键他今年初二升初三,
2024年7月14日 20:08,非常有实力,https://a1.qpic.cn/psc?/V13NCa9820LrLQ/ruAMsa53pVQWN7FLK88i5lO*3ResCAdgXo2rLFc3b8ILUC9jkmI4vAOSBe.WMRDyH.Ic.LTv6Epy30ukoFOb2TGehvCFgcoYgxT4b53dd7U!/c&ek=1&kp=1&pt=0&bo=PARsCTwEbAkWECA!&t=5&tl=3&vuin=3287424602&tm=1753462800&dis_t=1753464186&dis_k=6b15263c07f3907377b095b32dc957ec&sce=60-2-2&rf=0-0
2024年7月11日 23:23,睡觉,https://a1.qpic.cn/psc?/V13NCa9820LrLQ/ruAMsa53pVQWN7FLK88i5sKbibGJiaU79uPKP4Q0WSgi5j6NPP8gNy0wc1zQOCVqajkzR2rdlJLGoWVaZROgdseclBFe.x*Gxv2.4RcmLhM!/c&ek=1&kp=1&pt=0&bo=WAJPAlgCTwIWECA!&t=5&tl=3&vuin=3287424602&tm=1753462800&dis_t=1753464190&dis_k=a108068c304287d31e0e4b84de8a8ae8&sce=60-2-2&rf=0-0
2024年7月11日 22:32,突然觉得自己好贱，大半夜不睡觉和二中家长激情对线,
2024年7月10日 15:09,"这是我的朋友rnx@任南轩 
可0可1，人帅声甜，王者嘎嘎牛，可与你双排上分。
欢迎有意的男同朋友私信他",
2024年7月8日 19:10,以后再也不把手机在双休日设置成静音了,
2024年7月8日 12:52,睡过了，完美错过今天的课,
2024年7月6日 23:59,今天是小暑，希望你的好运都数不胜数。,
2024年7月6日 07:12,我知道智园食堂难吃，可是我不知道你原来这么难吃,
2024年7月3日 23:31,五排速来包赢。,
2024年6月30日 19:27,以后谁再说余家头不好我直接给他一拳,
2024年6月30日 13:44,凭此说说可于南湖与大美女yzy共进晚餐一次。,
2024年6月30日 09:04,眼睛尿尿了,
2024年6月29日 21:55,总在临行前胆怯。,https://a1.qpic.cn/psc?/V13NCa9820LrLQ/TmEUgtj9EK6.7V8ajmQrEJvm4Vmh53ipohAkCCjPxtUYID1KKOB9qTI8ymuuIMBzM*Jo.K8BCBVGMxMZXusylJSvUmKSg*XktjIt1gxPMhw!/c&ek=1&kp=1&pt=0&bo=VQhABlUIQAYWECA!&t=5&tl=3&vuin=3287424602&tm=1753462800&dis_t=1753464193&dis_k=e9262638e10fc4d014ced7d4f0e882d1&sce=60-2-2&rf=0-0
2024年6月27日 10:32,什么？你怎么知道我考完了？,
2024年6月25日 13:48,"抖音是玩抽象和搞EMO的。
B站是学习和看直播的。
微信给我爸妈做秀看的。
只有在QQ我才做自己，所以大家不要翻我的号了，我已经老实了🥹🥹🥹",
2024年6月25日 10:44,已经没有时间为高数哀伤了，接下来的是三个小时速成工图。,
2024年6月25日 10:34,求了，和hqj做的一样,
2024年6月24日 16:54,能不能把工图推一天考啊，我真复习不过来了,
2024年6月24日 10:28,尽人事,
2024年6月22日 10:56,彻底领悟到22届做新一卷数学的感受了,
2024年6月22日 10:40,为什么线代和往年真题完全不一样,
2024年6月21日 23:59,今天是夏至，希望你所有的美好都已悄然而至。,
2024年6月21日 10:17,窝烤晚金呆屎勒，肝决仁声针梅耗,
2024年6月21日 00:45,窝药穴乌梨，窝布药穴梨屎,
2024年6月21日 00:32,我现在觉得我的精神状态不太良好，有点想一拳打爆这个世界。,
2024年6月20日 22:13,好大的，能把近代史考试推迟一天吗？,
2024年6月19日 13:42,一年前的我真贱啊,
2024年6月18日 20:01,只要我一边复习一边听反方向的钟，我就能用一周的时间学完十六周的课,
2024年6月17日 16:43,"为什么考试周还要上课啊？
为什么思政和近代史连着考啊？
为什么十七周不能退课啊？",
2024年6月15日 11:26,已老实，求放过,
2024年6月14日 14:34,求工图速通攻略🥹🥹🥹,
2024年6月12日 19:41,向上的向，晚安的晚。,https://pic.ugcimg.cn/61483af70d057fce9ba70ceedcd39a58/jpg1
2024年6月12日 05:20,,
2024年6月11日 22:55,你是我永远都想要追逐的星星。,https://pic.ugcimg.cn/84cdc2323527ae2931e340335afccb8d/jpg1
2024年6月11日 22:06,最近看到的很有意思的一段评论，分享给正在复习线代的同学们,https://a1.qpic.cn/psc?/V13NCa9820LrLQ/ruAMsa53pVQWN7FLK88i5ryT7vv0ifYnv6O95ooUMCs64WibypYoqQa8fQeeOLjeC2uDsDH6nGMAFKdSmyiu0p9wo7XN6qWL0.27xgBjsGY!/c&ek=1&kp=1&pt=0&bo=PASZAjwEmQIWECA!&t=5&tl=3&vuin=3287424602&tm=1753462800&dis_t=1753464202&dis_k=e2d3124ef8abf2a393ee59f80c718360&sce=60-2-2&rf=0-0
2024年6月10日 19:36,有人想吃白粽子吗？,
2024年6月9日 22:49,求四级速通攻略🥹🥹🥹,
2024年6月5日 05:20,今天是芒种，希望你忙碌种下的种子都能有收获。,
2024年6月4日 00:10,"生日快乐，高考必胜！！！
@张佳琪",https://photogz.photo.store.qq.com/psc?/V13NCa9820LrLQ/ruAMsa53pVQWN7FLK88i5sJCjRqLb8IYKRxdpgiXN4d2oV6R2p1xTMeiEXgj9LNNhs3jcCR6EoJtI51XkSv991Q5kSeDZ9np0yN5fQwFc8s!/c&bo=OASABzgEgAcBFzA!
2024年6月2日 21:03,我们的第二个夏天。,https://pic.ugcimg.cn/bbab1313d0adbe0e9adfcfc428d91c84/jpg1
2024年5月29日 12:23,今天在工地扛麻袋，我一口气扛了三趟。工友说：“你挺能扛啊。”我瞬间留下了不争气的眼泪，“是啊，我什么都能扛，却扛不住想给15号投一票”,https://a1.qpic.cn/psc?/V13NCa9820LrLQ/ruAMsa53pVQWN7FLK88i5rLeyDO8GfbHUor*E2acEnr54NEdivsA5mCOhGLN3kTVXpNIi2*AtSs.3Zgj2mIT64qeerdYO25yisnDCKpx10Q!/b&ek=1&kp=1&pt=0&bo=7gICBO4CAgQDEDU!&tl=1&vuin=3287424602&tm=1753462800&dis_t=1753464202&dis_k=852ece2005b41b9c968216c8cfb5b445&sce=60-1-1&rf=0-0
2024年5月29日 12:03,今天在工地扛麻袋，我一口气扛了三趟。工友说：“你挺能扛啊。”我瞬间留下了不争气的眼泪，“是啊，我什么都能扛，却扛不住想给...,https://tangram-1251316161.file.myqcloud.com/files/20210721/e50a8e37e08f29bf1ffc7466e1950690.png
2024年5月26日 21:20,,https://a1.qpic.cn/psc?/V13NCa9820LrLQ/ruAMsa53pVQWN7FLK88i5veyC7VlObRJmGX8F3J0FQmbx05pww94FaGkX1skQb.JtR*ohqldD8gy6qE6a5oUhwNMFaAP3LXAWqT2tLgX7B8!/c&ek=1&kp=1&pt=0&bo=wgWTBMIFkwQWECA!&t=5&tl=3&vuin=3287424602&tm=1753462800&dis_t=1753464206&dis_k=e80779a788d2c891e3e611dc5adc01ea&sce=60-2-2&rf=0-0
2024年5月25日 12:18,如果一所大学的图书馆门禁是用来防学生的话，我还是认为迂腐的领导们请别吹你那破楼了。,
2024年5月23日 09:48,大哥，我们很熟是吗？,
2024年5月20日 05:20,今天是小满，希望你的生活处处皆美满。,
2024年5月19日 00:22,谢谢大家，喜悲都是人生的常态，但今天真的很开心，晚安啦，明天见！,
2024年5月18日 23:10,"今天有一束光照亮了我的海底，于是我不再随波逐流，溺死在深海。
晚安，明天见。",https://pic.ugcimg.cn/e5f9c44ffb656abd98f1a4ec038ca238/jpg1
2024年5月18日 21:50,,https://qq.ugcimg.cn/v1/v43utu4tee69lotkge8keueui0ot79q8i5ail04rhdn930hmgof8clcjd9bl7jb6jbh7i2dfc4s2aftc713h17if0cg4chr34a7jqa1h7rkhadnc0qq3q4rdilcipt77pt5oo6c9tcnku2s5bo9h77quakenbfct9ev5kp70oop6bm91s3mkqksdchlmqoear8nrtm89jst1e/mgneg236msouf256j69q76b6v8eb75u478p8knidpkuh8ng3anpg
2024年5月18日 21:45,,https://qq.ugcimg.cn/v1/v43utu4tee69lotkge8keueui1gm776mlucnrb4kmcn0msgt2qtqhhoorn0dif7taiv9f06nrchiu2uavdohcm2sia393sesf9ckdskobgab3c92mp22i26j3noeqovoodbjda9j6gbpcphnfu1meh4qso7kdk2ugldh6nmd64mdhspfsg02p6ije0fptk735vm15r9gajc1c/bulps27rab4hblqf1sch7rk5o3fe6t09r9mt9r99cocnc79v7v00
2024年5月18日 16:04,这是刻晴。,https://a1.qpic.cn/psc?/V13NCa9820LrLQ/ruAMsa53pVQWN7FLK88i5jxxurYMuUJhoHdOWA0Xlv*GSZzx.1s22kSVgp5hGZRoMGQHm..W2vsKzyJmpYG52ThKhU*O5tKHHn1OdSft9Mc!/c&ek=1&kp=1&pt=0&bo=EQctAxEHLQMWECA!&t=5&tl=3&vuin=3287424602&tm=1753462800&dis_t=1753464206&dis_k=9004fd69aad8cf38d55a617789666671&sce=60-2-2&rf=0-0
2024年5月18日 15:34,如何想你想到每晚八点。,https://pic.ugcimg.cn/f6f7e1ecc990b6eba10e55179caf784a/jpg1
2024年5月18日 15:22,"我等到我的太阳了，于是我的寡淡的世界又有光了。
谢谢你，我真的很开心，虽然我从未遇见过你，但我好像在梦里见过你。
总有事情...",https://pic.ugcimg.cn/3c95f0967ad7c37e84c04a85c6119e05/jpg1
2024年5月13日 17:43,有时候我也觉得挺没意思的。,https://a1.qpic.cn/psc?/V13NCa9820LrLQ/ruAMsa53pVQWN7FLK88i5ryT7vv0ifYnv6O95ooUMCv5VFDF61.U1KJge2qxKcjLFGNnCgto2KsQeziEGFrO5.n1TrB58XVcFuoamiZ4tgs!/c&ek=1&kp=1&pt=0&bo=PARzAjwEcwIWECA!&t=5&tl=3&vuin=3287424602&tm=1753462800&dis_t=1753464210&dis_k=51101756ba4c4e26d06e964decbb1068&sce=60-2-2&rf=0-0
2024年5月12日 19:17,本人于五月十二日十九时十分达九夜幽，望周知！,https://a1.qpic.cn/psc?/V13NCa9820LrLQ/ruAMsa53pVQWN7FLK88i5t7mMxBi33R1uhYctv414*qmkCCTFUMJS9.L678KcTNzwZsmhpHttXBNEcIGemNJ*Ne4.ZOSynpqlzLKifzEFRs!/m&ek=1&kp=1&pt=0&bo=bAk8BGwJPAQWECA!&t=5&tl=3&vuin=3287424602&tm=1753462800&dis_t=1753464210&dis_k=21a8583ab2d47759b6d57f755cf7b790&sce=60-4-3&rf=0-0|https://a1.qpic.cn/psc?/V13NCa9820LrLQ/ruAMsa53pVQWN7FLK88i5t7mMxBi33R1uhYctv414*pkmlFH3DaeJ.91f225bBADGs0T94mRo4lkIRSr7cTghfP9z3e6yVl1eKzb6BbB5WE!/m&ek=1&kp=1&pt=0&bo=bAk8BGwJPAQWECA!&t=5&tl=3&vuin=3287424602&tm=1753462800&dis_t=1753464210&dis_k=ee591a3a9aab7b71a80e5fbd0adaef50&sce=60-4-3&rf=0-0|https://a1.qpic.cn/psc?/V13NCa9820LrLQ/ruAMsa53pVQWN7FLK88i5t7mMxBi33R1uhYctv414*pv31lRPeTkqw6siPBBq6Pgil4m7v0OJD0gsnkcoM8R*b7LyhY6F06L1ChJzx9IgLQ!/m&ek=1&kp=1&pt=0&bo=bAk8BGwJPAQWECA!&t=5&tl=3&vuin=3287424602&tm=1753462800&dis_t=1753464210&dis_k=c2512445310baacd11dda81eff771ef5&sce=60-4-3&rf=0-0
2024年5月9日 13:43,本人于五月九日十三时四十分实现十山海梦，望周知。,https://a1.qpic.cn/psc?/V13NCa9820LrLQ/ruAMsa53pVQWN7FLK88i5tEg5qQqLnlY18C0igGpLiOoHfgXyRkRg2e4eoik67HtE*OUffv*pCPL8azicSwqZY7EnR3.YvtLUi1Ilhaf51M!/c&ek=1&kp=1&pt=0&bo=fwc4BH8HOAQWECA!&t=5&tl=3&vuin=3287424602&tm=1753462800&dis_t=1753464210&dis_k=2a6580bad85f71c5c28e62f834a3120e&sce=60-2-2&rf=0-0
2024年5月6日 23:07,"画工图我真的好爽啊
画工图我真的好爽啊
画工图我真的好爽啊
画工图我真的好爽啊
展开全文",https://a1.qpic.cn/psc?/V13NCa9820LrLQ/ruAMsa53pVQWN7FLK88i5veyC7VlObRJmGX8F3J0FQkUQnfEm1pcDhUjsGLRR90GxK7Xs1LP39i*SZPevdkcW6LoIxbc3xAsD0t4Z6HlaIo!/c&ek=1&kp=1&pt=0&bo=0AKVAtAClQIWECA!&t=5&tl=3&vuin=3287424602&tm=1753462800&dis_t=1753464210&dis_k=f52732a80df8a0cde2bfc52378b653c9&sce=60-2-2&rf=0-0
2024年5月5日 10:23,今天是立夏，奖励自己站回学校。,
2024年5月1日 14:57,再见啦，一路顺风！祝你祝我，前途似锦！,https://a1.qpic.cn/psc?/V13NCa9820LrLQ/ruAMsa53pVQWN7FLK88i5ryT7vv0ifYnv6O95ooUMCvtWlxFFlyU68Dkgs5Bhr3lqfVetVxkndy3Fc1ykCt1kI0ObdO9pdPZ6E9yVjOD4n0!/c&ek=1&kp=1&pt=0&bo=PwZVCD8GVQgWECA!&t=5&tl=3&vuin=3287424602&tm=1753462800&dis_t=1753464210&dis_k=f60f3603eda5951f8058d028e661ba07&sce=60-2-2&rf=0-0
2024年4月30日 18:14,你好。,https://a1.qpic.cn/psc?/V13NCa9820LrLQ/ruAMsa53pVQWN7FLK88i5l.JOrcFN1ZO8WTB*5PNb42HWlmISpb7MM8da9uN*SaA7J*iwaKcCoa3CzJUa4x2jKzE81Usyt*RL8dGrxxSoek!/c&ek=1&kp=1&pt=0&bo=PATLADwEywAWECA!&t=5&tl=3&vuin=3287424602&tm=1753462800&dis_t=1753464210&dis_k=a7956331065f3f1a4b0850ef3b49e9e3&sce=60-2-2&rf=0-0
2024年4月29日 22:42,"难得早起在食堂吃了一次早饭。
解决了力扣的第一个难题。
体育课上了二十分钟就开始下雨，然后回宿舍美美睡了一觉。
下午起床出去乐骑，学期乐跑over。
展开全文",https://a1.qpic.cn/psc?/V13NCa9820LrLQ/ruAMsa53pVQWN7FLK88i5gxENR1K0vyJQPoN8s8LQguZz9zbS8NgtQ0cMAfDUk7Ap8a4DZQH76BdVwE6F4*g.SBhSwHDv252gF5u95b0clg!/m&ek=1&kp=1&pt=0&bo=VQhABlUIQAYWECA!&t=5&tl=3&vuin=3287424602&tm=1753462800&dis_t=1753464210&dis_k=07b9374ac6c39443a976d43215af9643&sce=60-4-3&rf=0-0|https://a1.qpic.cn/psc?/V13NCa9820LrLQ/ruAMsa53pVQWN7FLK88i5gxENR1K0vyJQPoN8s8LQgvJAPknxYZ59WpVZS9GxTkRcwZ8Nyo918G566ADoS4*6CHH3TZhGXNFzx3o4KeKfLk!/m&ek=1&kp=1&pt=0&bo=eAcOBHgHDgQWECA!&t=5&tl=3&vuin=3287424602&tm=1753462800&dis_t=1753464210&dis_k=a4c91fe00a59a9be4cf464c5365eafb3&sce=60-4-3&rf=0-0|https://a1.qpic.cn/psc?/V13NCa9820LrLQ/ruAMsa53pVQWN7FLK88i5gxENR1K0vyJQPoN8s8LQgvP6xjjErEP4aE7KFZKQuCYePmjb8.s2BvTQTFdxZLbGTJDQPPSl1KT*5cw99iz5q0!/m&ek=1&kp=1&pt=0&bo=VQhABlUIQAYWECA!&t=5&tl=3&vuin=3287424602&tm=1753462800&dis_t=1753464210&dis_k=1f4e56fa8cd5e73f0e64c762b4ba73c5&sce=60-4-3&rf=0-0|https://a1.qpic.cn/psc?/V13NCa9820LrLQ/ruAMsa53pVQWN7FLK88i5sKbibGJiaU79uPKP4Q0WSgnTa3LLV*8abY4RFT7kv.dkpqRGpU98cGskK4sJMcSA8OqIG8dFIBnF16a5zWxGgc!/m&ek=1&kp=1&pt=0&bo=PARsCTwEbAkWECA!&t=5&tl=3&vuin=3287424602&tm=1753462800&dis_t=1753464210&dis_k=99e142ff9351f95abf3ff2b1812ec73e&sce=60-4-3&rf=0-0|https://a1.qpic.cn/psc?/V13NCa9820LrLQ/ruAMsa53pVQWN7FLK88i5sKbibGJiaU79uPKP4Q0WSiMmTh*VJwgxgec4brcvvednxGE7BiEdz.sv2X6wp7WkQXMKu9i4c8wZjcpfPKvEow!/m&ek=1&kp=1&pt=0&bo=fwc4BH8HOAQWECA!&t=5&tl=3&vuin=3287424602&tm=1753462800&dis_t=1753464210&dis_k=5e3add2d7070b279d4bb4ddacc12dadf&sce=60-4-3&rf=0-0|https://a1.qpic.cn/psc?/V13NCa9820LrLQ/ruAMsa53pVQWN7FLK88i5sKbibGJiaU79uPKP4Q0WSiOHDwOkXd.2axT7vSaTYjgK2uYdcVHN7*sqZ2YgqdR7PdjBv4sC3aJL8U2uIBszFo!/m&ek=1&kp=1&pt=0&bo=bAk8BGwJPAQWECA!&t=5&tl=3&vuin=3287424602&tm=1753462800&dis_t=1753464210&dis_k=a9e837fa93f5180b1fd6d71a07e1141a&sce=60-4-3&rf=0-0
2024年4月29日 20:05,相约在明天见。,http://p1.music.126.net/SmNAEToWfwkxHDhS2g92vw==/109951164033232934.jpg?imageView=1&thumbnail=1084z2186&type=webp&quality=80
2024年4月28日 20:35,“天空不会永远暗沉，不久便会晴朗”,https://a1.qpic.cn/psc?/V13NCa9820LrLQ/ruAMsa53pVQWN7FLK88i5iKMBML28pL34EkFgHoj9exBdRp24xAlqGbu8mUqZFhArvhSoxJZhxL61EVlb6fhl0gNq34JKcUnFnToG9yNA5Y!/c&ek=1&kp=1&pt=0&bo=PATgADwE4AAWECA!&t=5&tl=3&vuin=3287424602&tm=1753462800&dis_t=1753464215&dis_k=1e4104bd64f559fbbb634f451f70b475&sce=60-2-2&rf=0-0
2024年4月28日 12:12,,https://pic.ugcimg.cn/ba0d8d8f6b629afa22bebc0317606de2/jpg1
2024年4月27日 20:13,"周五哭了一晚上，睡不着，第二天还是忍着起床去考试，考完回来立马又躺床上去逃避现实。
周日无事，在宿舍呆了一天刷力扣刷切片。
周一去鉴湖交表，心情不好，脑子抽了，决定从鉴湖骑回余家头，心情更不好了，还是觉得脑子抽了。
周二，周三满课，无事，只是在半夜忍不住想写小作文。
展开全文",https://photogz.photo.store.qq.com/psc?/V13NCa9820LrLQ/ruAMsa53pVQWN7FLK88i5qtUtnXcKSfKX3WPu8UHsJ4Ug*ZqEZT0v7VmE*u1c.E4Uit6cumfyijT6HNx*tMMlFf8xecFP4Mzs6jcuMXt4hE!/c&bo=bAUACmwFAAoBFzA!|https://a1.qpic.cn/psc?/V13NCa9820LrLQ/ruAMsa53pVQWN7FLK88i5ryT7vv0ifYnv6O95ooUMCsEKSnPmGr.GOjrQb4j3mZGMiKolQMfkrfZZh1kaOkyI4Ra7s61yBgzG1DGwHwid6g!/m&ek=1&kp=1&pt=0&bo=PARsCTwEbAkWECA!&t=5&tl=3&vuin=3287424602&tm=1753462800&dis_t=1753464215&dis_k=8c5f0e42ebe6dd503b98fdcd4356b718&sce=60-4-3&rf=0-0|https://a1.qpic.cn/psc?/V13NCa9820LrLQ/ruAMsa53pVQWN7FLK88i5ryT7vv0ifYnv6O95ooUMCuNd1z4R*gn0vfZ*zWQVPbuY.BvFzIBGTELcCWCcbcaXI54vAOpHdRJSEsN7Krzfmo!/m&ek=1&kp=1&pt=0&bo=VQhABlUIQAYWECA!&t=5&tl=3&vuin=3287424602&tm=1753462800&dis_t=1753464215&dis_k=3edc781a58bc20ccacbb2f28f6525bb0&sce=60-4-3&rf=0-0|https://a1.qpic.cn/psc?/V13NCa9820LrLQ/ruAMsa53pVQWN7FLK88i5ryT7vv0ifYnv6O95ooUMCsbl5g9C5SsUs7g*Svh3ZXcCZQMAN170mpHQmQX0iOclL7LWTJmT*LVJtJNNKDhe*g!/m&ek=1&kp=1&pt=0&bo=VQhABlUIQAYWECA!&t=5&tl=3&vuin=3287424602&tm=1753462800&dis_t=1753464215&dis_k=030ab3244f75ff31802fa024a3581db4&sce=60-4-3&rf=0-0|https://a1.qpic.cn/psc?/V13NCa9820LrLQ/ruAMsa53pVQWN7FLK88i5ryT7vv0ifYnv6O95ooUMCtLnEnhnihngYhHIxsT18CkkIJiEn5XKPrKrzIEpZQuS3m2PWQ*4nYpBow*x0zecvc!/m&ek=1&kp=1&pt=0&bo=VQhABlUIQAYWECA!&t=5&tl=3&vuin=3287424602&tm=1753462800&dis_t=1753464215&dis_k=7988aede0b9162d5fe7ad078bc828ba9&sce=60-4-3&rf=0-0|https://a1.qpic.cn/psc?/V13NCa9820LrLQ/ruAMsa53pVQWN7FLK88i5g5ZN3IVd2Qk6r6pSYmvpQfIkxiB9GYn8oB98SHsHs8m74ZFwiMCuywntNQbNVuGT0fK*Gmgz3yVrfCa7Zv.Ok8!/m&ek=1&kp=1&pt=0&bo=VQhABlUIQAYWECA!&t=5&tl=3&vuin=3287424602&tm=1753462800&dis_t=1753464215&dis_k=d869dce9388b79907a4751f7d96dde6d&sce=60-4-3&rf=0-0|https://a1.qpic.cn/psc?/V13NCa9820LrLQ/ruAMsa53pVQWN7FLK88i5g5ZN3IVd2Qk6r6pSYmvpQeciGpfeXGymOVnwtNBUjtDoPr.T0JhP*kawRbzsz3Nkz*CLpi6QB*cErTHIt6Ldr8!/m&ek=1&kp=1&pt=0&bo=VQhABlUIQAYWECA!&t=5&tl=3&vuin=3287424602&tm=1753462800&dis_t=1753464215&dis_k=9eb4209429ff4d0ad827ad6973e7488d&sce=60-4-3&rf=0-0|https://a1.qpic.cn/psc?/V13NCa9820LrLQ/ruAMsa53pVQWN7FLK88i5g5ZN3IVd2Qk6r6pSYmvpQdXujv7opsYqCmtrFVow8RIzy9hWVrZal9Ih6BbgZF6Xb*rCmVzeIuqgiuHr*09P2Q!/m&ek=1&kp=1&pt=0&bo=gAegBYAHoAUWECA!&t=5&tl=3&vuin=3287424602&tm=1753462800&dis_t=1753464215&dis_k=b2658a8f5e2926b4f4230d81aea5ef4b&sce=60-4-3&rf=0-0|https://a1.qpic.cn/psc?/V13NCa9820LrLQ/ruAMsa53pVQWN7FLK88i5g5ZN3IVd2Qk6r6pSYmvpQd023lVzAR3h7h3BOREYVphHKIsvprB3zatwX2leq8GwmQ4DdcaJu.HouzTpQ8q9TU!/m&ek=1&kp=1&pt=0&bo=Ywk4BGMJOAQWECA!&t=5&tl=3&vuin=3287424602&tm=1753462800&dis_t=1753464215&dis_k=13e5c0e2968c454d01aaa3b95abc63d5&sce=60-4-3&rf=0-0
2024年4月26日 17:22,"今天去院办的路上看见一簇奇怪的云，想找个角度把它拍下来，可惜总有树荫遮蔽我的视线。
夏天要到来了，午后会有更多美丽的云彩。
春天要过去了，我要告别我曾遇见的风景。
你好，再见。
展开全文",https://a1.qpic.cn/psc?/V13NCa9820LrLQ/ruAMsa53pVQWN7FLK88i5qXrhdKO*Rrws8HW9aWdOa*ERp5inYkNeaFZz9D8CKuXaZ4nMWuS6Orc6PVMM7J52zYp1CpfQlJYz44jG866yFw!/c&ek=1&kp=1&pt=0&bo=VQhABlUIQAYWECA!&t=5&tl=3&vuin=3287424602&tm=1753462800&dis_t=1753464215&dis_k=2b7690f3b9b89729553fe942510b1e50&sce=60-2-2&rf=0-0
2024年4月24日 23:24,"“即使花瓣全都飘零了，
树枝也张开它的双手，
等待着下个重逢。”
晚安，这一次换我向你奔来。",https://pic.ugcimg.cn/2833a609fe43634ef804382c904c3379/jpg1
2024年4月23日 22:50,晚安。,https://pic.ugcimg.cn/a043c3728204068ededd77f792113b8a/jpg1
2024年4月21日 00:40,晚安。,https://pic.ugcimg.cn/5a3eb6d3d2dbca3e28ea5d0b3e344621/jpg1
2024年4月20日 23:37,"You only live once.
希望再见面的时候，彼此都能成为更好的自己。",https://a1.qpic.cn/psc?/V13NCa9820LrLQ/ruAMsa53pVQWN7FLK88i5qXrhdKO*Rrws8HW9aWdOa80PN.vmyZYc4kxv4nmYpneiYPOKB6qBG*rEn.1UZBmwFaaeceWpdhV6mzCEXiANk4!/c&ek=1&kp=1&pt=0&bo=QAawBEAGsAQWECA!&t=5&tl=3&vuin=3287424602&tm=1753462800&dis_t=1753464215&dis_k=2bcb3aa1e727b13710be853ee034c812&sce=60-2-2&rf=0-0
2024年4月20日 10:52,,https://pic.ugcimg.cn/4ab6c702ad156b089f53374fb1a421b8/jpg1
2024年4月20日 10:46,,https://pic.ugcimg.cn/9006ad87805b7b3284c06e7fb3a8b5ef/jpg1
2024年4月19日 22:52,晚安。,
2024年4月19日 21:49,"“水母也可以有自己的梦想呀”
只言片语，情词万千。
我记得那场双播，你说不被家里人支持你的梦想，但你在坚持，你写了很多歌，带给了我很多力量，你说：“要轻松快乐。”
你时而笨拙，时而吵闹，你爱笑，你爱哭，你把所有的悲伤隐藏，在小小的不经意间流露，你说：“没有一直的陪伴。”
展开全文",https://a1.qpic.cn/psc?/V13NCa9820LrLQ/ruAMsa53pVQWN7FLK88i5sXMongZgewtNDChFnGj5wrMJ.M6nPDG7CmK4DIiPSbNU7s.rhQl0MSDLiZQj5icotXG6r9az.IbDmUEi9N.0kM!/c&ek=1&kp=1&pt=0&bo=VQhABlUIQAYWECA!&t=5&tl=3&vuin=3287424602&tm=1753462800&dis_t=1753464217&dis_k=189d5e197e22242ba60882ca0e806d46&sce=60-2-2&rf=0-0
2024年4月19日 20:20,你一定是讲了个玩笑话。,http://p2.music.126.net/cncwdwVyshBLQSS0grD1ig==/109951167501515675.jpg?imageView=1&thumbnail=1084z2186&type=webp&quality=80
编辑于2024年4月26日 20:15,。,https://a1.qpic.cn/psc?/V13NCa9820LrLQ/ruAMsa53pVQWN7FLK88i5pvceNWfRQb6UUwAeuTK9VhiH3nOIEaOC3G2xKj3Ler.HwEHzMScKUox*JrCy7ckraNVLzeQ3mPMrfJ4*krytT8!/c&ek=1&kp=1&pt=0&bo=PATQBzwE0AcWECA!&t=5&tl=3&vuin=3287424602&tm=1753462800&dis_t=1753464217&dis_k=216b7489469b692a4d7159afde603727&sce=60-2-2&rf=0-0
2024年4月19日 09:19,,https://pic.ugcimg.cn/d51b69232f1a8e90a42ac06067d2b03a/jpg1
2024年4月17日 19:06,"给老师们拉了坨大的。
问：为什么要放弃保研？
答：我不想玩物丧志。
我属实是脑子抽了",
2024年4月16日 22:28,md，真想找个楼跳了。,
2024年4月16日 19:51,今天天气不错，下楼不用走楼梯，也不用坐电梯。,
2024年4月15日 17:30,所以一切都是命中注定的安排吗？,
2024年4月9日 11:53,最幸福的一集,https://a1.qpic.cn/psc?/V13NCa9820LrLQ/ruAMsa53pVQWN7FLK88i5pJwf.6duaJCCrqI*kldJJCZGfoatdVJelEyuO0q6lTPHWIX8ep3NDss6Fb2Nl15crR3L4YsDJBhxq8PARODof8!/c&ek=1&kp=1&pt=0&bo=fwc4BH8HOAQWECA!&t=5&tl=3&vuin=3287424602&tm=1753462800&dis_t=1753464222&dis_k=8317e02b8a819b07239e027d27dbaf78&sce=60-2-2&rf=0-0
编辑于2024年4月15日 17:57,再勇敢一次吧。,https://a1.qpic.cn/psc?/V13NCa9820LrLQ/ruAMsa53pVQWN7FLK88i5kOO9k7NJwl2424JipeH2ro0sr9*.u6uhdOPCORjOvQlVBY8EsJG5OBbezpGBYeWbDdNx.fkslvbspteNRSmfDY!/c&ek=1&kp=1&pt=0&bo=OASgBTgEoAUWECA!&t=5&tl=3&vuin=3287424602&tm=1753462800&dis_t=1753464222&dis_k=7f58b087e187cbe306a87b55398c875b&sce=60-2-2&rf=0-0
2024年4月5日 11:34,再勇敢一次吧,http://p2.music.126.net/sZ0_yqpapv5B1AMWtAtFoA==/109951167881622447.jpg?imageView=1&thumbnail=1084z2186&type=webp&quality=80
2024年3月30日 23:36,时间放慢脚步，把苦涩和快乐都拉得老长。,https://pic.ugcimg.cn/7d2e1fa6743dbba02151c3c00f552d2d/jpg1
2024年3月18日 00:30,晚安,https://pic.ugcimg.cn/2d287525f04ffd6ddc26675595350666/jpg1
2024年3月14日 22:55,“爱可以打破第四面墙”,https://a1.qpic.cn/psc?/V13NCa9820LrLQ/ruAMsa53pVQWN7FLK88i5sSsf.GgcF.dfEf3PmLDHHO2tXUfyKMubvS7KBupuhHZTMzFUOMM7T2kCpfD*LBBUjv41U7tRV0go*XkOljnj1A!/c&ek=1&kp=1&pt=0&bo=VQFnAVUBZwEWECA!&t=5&tl=3&vuin=3287424602&tm=1753462800&dis_t=1753464222&dis_k=3439e3faa33a435a96a5aed058dd727b&sce=60-2-2&rf=0-0
2024年3月9日 21:07,爱永远没有距离。,https://a1.qpic.cn/psc?/V13NCa9820LrLQ/ruAMsa53pVQWN7FLK88i5kOO9k7NJwl2424JipeH2roG9GgtKGF.zFFDqt.wQa6SrK7pFHjwhsdUmi41TUnHudWeICU.DBzRfYx2Nrb.ctw!/m&ek=1&kp=1&pt=0&bo=AAWrBgAFqwYWECA!&t=5&tl=3&vuin=3287424602&tm=1753462800&dis_t=1753464222&dis_k=a847ce7b14f6dc2fe8076a378baa9f4e&sce=60-4-3&rf=0-0|https://a1.qpic.cn/psc?/V13NCa9820LrLQ/ruAMsa53pVQWN7FLK88i5kOO9k7NJwl2424JipeH2rodddSx8RiPZeQAx7RZz*rzED.7FL1dFvCfulhJYR34oFGMTjnP*w10SEDCLSaNbWI!/m&ek=1&kp=1&pt=0&bo=gAegBYAHoAUWECA!&t=5&tl=3&vuin=3287424602&tm=1753462800&dis_t=1753464222&dis_k=d81cc9670da0cd0e63696b929e7fdce9&sce=60-4-3&rf=0-0|https://a1.qpic.cn/psc?/V13NCa9820LrLQ/ruAMsa53pVQWN7FLK88i5kOO9k7NJwl2424JipeH2rqmFRlyqZyl6BRLDkdD7zWZYcEe9NfYrLKeRFw5obCRKyXvVnoesoAUzBSg*uStxus!/m&ek=1&kp=1&pt=0&bo=VQhABlUIQAYWECA!&t=5&tl=3&vuin=3287424602&tm=1753462800&dis_t=1753464222&dis_k=2cae806d1f37516ec6a7739e667d5da2&sce=60-4-3&rf=0-0
2024年3月8日 15:10,明天三月九,https://a1.qpic.cn/psc?/V13NCa9820LrLQ/ruAMsa53pVQWN7FLK88i5gxENR1K0vyJQPoN8s8LQgv6yJAECmAIujkg2UZl5OwJ6sLi8dbBkQib*UH9jNanjM47alGtoVMyPts2Tx0yoeY!/c&ek=1&kp=1&pt=0&bo=PASOBTwEjgUWECA!&t=5&tl=3&vuin=3287424602&tm=1753462800&dis_t=1753464222&dis_k=739a7bb92fc72f3d422842e9e28043bd&sce=60-2-2&rf=0-0
2024年3月4日 23:25,海的那边还会是海吗,https://a1.qpic.cn/psc?/V13NCa9820LrLQ/ruAMsa53pVQWN7FLK88i5ga8iVhzbJZWpvC1WE5qmjNia1fjDafBtbBueH9ZX75eq5rMX2uzR9BDgA*Ab5pMzy.IqRVOqh36jbPG.GMKiV0!/c&ek=1&kp=1&pt=0&bo=sATWBbAE1gUWECA!&t=5&tl=3&vuin=3287424602&tm=1753462800&dis_t=1753464222&dis_k=cca4e29d49b945a5f57dcece3556fd00&sce=60-2-2&rf=0-0
2024年3月1日 22:40,人总要和握不住的东西说再见,https://a1.qpic.cn/psc?/V13NCa9820LrLQ/ruAMsa53pVQWN7FLK88i5klqzkPDQJMMca111mpx0WwfgYNTSaEFxe*Mzs4nwxN0LvoI3KvGCM8qxtVPNwljiAvHvGqcSdWCzpIwqYlNNvc!/c&ek=1&kp=1&pt=0&bo=sATZBbAE2QUWECA!&t=5&tl=3&vuin=3287424602&tm=1753462800&dis_t=1753464222&dis_k=a97ac9101213c2f42e306e8624ae4ccc&sce=60-2-2&rf=0-0
2024年2月27日 22:59,天气越来越冷，我的心也是。,https://a1.qpic.cn/psc?/V13NCa9820LrLQ/ruAMsa53pVQWN7FLK88i5ryT7vv0ifYnv6O95ooUMCvVetZ3Z24jPuM82nHDIGT029b73KE9eJK3gv9.Af*EVpy5.AGDLb5XOYd9u2b1los!/c&ek=1&kp=1&pt=0&bo=OARFBTgERQUWECA!&t=5&tl=3&vuin=3287424602&tm=1753462800&dis_t=1753464228&dis_k=af46cf4fec345904e9daaaa108dcdf22&sce=60-2-2&rf=0-0
2024年2月22日 21:11,海的那边是什么已经不重要了。,https://a1.qpic.cn/psc?/V13NCa9820LrLQ/ruAMsa53pVQWN7FLK88i5ga8iVhzbJZWpvC1WE5qmjNLV19m1MZk*XXCrQYaVJMjoNlsAXZOX7EFWw1pzjFQdyIc5SW.m1EueRniDcwAkCU!/c&ek=1&kp=1&pt=0&bo=oQTPBaEEzwUWECA!&t=5&tl=3&vuin=3287424602&tm=1753462800&dis_t=1753464228&dis_k=4608103566fbf9e70d6646340d039635&sce=60-2-2&rf=0-0
2024年2月17日 23:20,哪怕花朵没结果，风也会说她来过。,
2024年2月16日 00:07,我是超级扁鹊，望周知@房宏扬  @灰灰  @欧阳语轩  @张佳琪  @张金龙,https://a1.qpic.cn/psc?/V13NCa9820LrLQ/ruAMsa53pVQWN7FLK88i5sSsf.GgcF.dfEf3PmLDHHPxMJLNzdYm0gofLcU8qb01V3N.z6sL4F7L8T.dqiRL7p892KP1hRaPfpO8698R36o!/c&ek=1&kp=1&pt=0&bo=bAk8BGwJPAQWECA!&t=5&tl=3&vuin=3287424602&tm=1753462800&dis_t=1753464228&dis_k=158ca152505ad4cfd067b6d0209a1e27&sce=60-2-2&rf=0-0
2024年2月15日 00:45,爱你三千遍。,https://pic.ugcimg.cn/ae225bb833247213d6db4125135c5fdd/jpg1
2024年2月15日 00:25,风带走思念，我永远爱你。,https://pic.ugcimg.cn/55102747e87182b7355cdd2401570ec0/jpg1
2024年2月9日 18:51,祝大家除夕快乐！不知道大家那边过年什么习俗，反正我们这边大家不管收了多少压岁钱都是要给杨子煜分一点的,
2024年2月7日 20:50,我现在觉得我的弈星强得可怕,
2024年2月4日 18:06,"下午朋友来我家打麻将，怒亏24块钱，他们还不愿意给我台子费。
@任南轩  （线上的，给了入场费，但是他赢了两把。）
@熊唯亦  @易婧怡  （两个罪人，什么时候把台子费给我？）",
2024年1月22日 03:06,世界就是一个巨大的薇古丝,
2024年1月22日 01:35,我觉得世界是一个巨大的金铲铲。,
2024年1月19日 09:32,,https://a1.qpic.cn/psc?/V50ofYSo071tu03XnmVO0m9EVm3RuHcy/ruAMsa53pVQWN7FLK88i5sMo7Jr.KqZTuUs0vZMoJrqwWhOoVTTn83Uyy91dpF.C22iWU6FPHdzfeKazkaYB5ouELu2*7lESVdS29dBdkEo!/c&ek=1&kp=1&pt=0&bo=5gTEBuYExAYWECA!&t=5&tl=3&vuin=3287424602&tm=1753462800&dis_t=1753464233&dis_k=f78794904c348d98de9fc2ff87372572&sce=60-2-2&rf=0-0
2024年1月18日 19:56,“少年不做烂尾的诗集，而要做禁书里最惊骇世俗的一章”,https://a1.qpic.cn/psc?/V13NCa9820LrLQ/ruAMsa53pVQWN7FLK88i5sJCjRqLb8IYKRxdpgiXN4fM0ZcxaRF5OGhIKnuJY4Slko8jH6pK4zTHao5GIwVo7rauLASrJ7u5kdr8jhOlj.4!/c&ek=1&kp=1&pt=0&bo=VQhABlUIQAYWECA!&t=5&tl=3&vuin=3287424602&tm=1753462800&dis_t=1753464233&dis_k=60b7729c30fde55c9f99331835eaad42&sce=60-2-2&rf=0-0
2024年1月9日 23:15,沉默是今晚的康桥。,
2024年1月8日 13:27,,https://a1.qpic.cn/psc?/V13NCa9820LrLQ/ruAMsa53pVQWN7FLK88i5vZwVGgBvY6mReWyHFClpPzwaOMNWOvwuhUc*CSOP73BmRQeISiP0R.VRjY*R85EamOZZqSEPOkhTyy*RdQ8CWk!/c&ek=1&kp=1&pt=0&bo=WAKuAVgCrgEWECA!&t=5&tl=3&vuin=3287424602&tm=1753462800&dis_t=1753464233&dis_k=18bd480c5f98e0dcb44bec01694248f1&sce=60-2-2&rf=0-0
2024年1月7日 11:43,感谢我的妈妈，十一点多看见我的微信步数还是0，决定打电话喊我起床，考试周心里暖暖的,
2024年1月5日 22:05,为什么高中从早六学到晚十都感觉不到累，现在只要连着看半个小时书就困了？,
2024年1月4日 22:11,,https://pic.ugcimg.cn/3537afd0f841ca94206dade9ee31a2c4/jpg1
编辑于2024年1月1日 00:11,迎接。,https://a1.qpic.cn/psc?/V13NCa9820LrLQ/ruAMsa53pVQWN7FLK88i5sv.OIjIObxvce2nQ3frjsklce84oC3u42tB1fjIVL0GWBl6l3sdZ*OEsl0YSRgyfW2TKMgOTIGde6h2ra8wjUE!/c&ek=1&kp=1&pt=0&t=5&tl=3&vuin=3287424602&tm=1753462800&dis_t=1753464233&dis_k=19f6c3b67f8962f9d93ce848acc27acf&sce=60-2-2&rf=0-0|https://a1.qpic.cn/psc?/V13NCa9820LrLQ/ruAMsa53pVQWN7FLK88i5gxZudvVAuOqJ96eVF24hEX1KwBC98qkuc.CugCbpaVLWqk6J3NnkDmcyH5nPPprEhTyppJER1ooyZBg4u.rygU!/c&ek=1&kp=1&pt=0&t=5&tl=3&vuin=3287424602&tm=1753462800&dis_t=1753464233&dis_k=caa07590e39cb422cdc6e418ca0007c7&sce=60-2-2&rf=0-0|https://a1.qpic.cn/psc?/V13NCa9820LrLQ/ruAMsa53pVQWN7FLK88i5lO*3ResCAdgXo2rLFc3b8K3ExPn3wXkDsfu08Fcdw*M6kQ1x9s516V9*0QfMw*ei*pWbCmnUSLebHy9pZNeGWg!/c&ek=1&kp=1&pt=0&t=5&tl=3&vuin=3287424602&tm=1753462800&dis_t=1753464233&dis_k=3ff15c48a8d464e37e64755c7c10027b&sce=60-2-2&rf=0-0
2023年12月31日 22:20,告别。,https://a1.qpic.cn/psc?/V13NCa9820LrLQ/ruAMsa53pVQWN7FLK88i5mrfhnuu5X.wAwwNgkJ*Fd0QafTZVkT93yiN3TADK2dXhAqzMdbyF8.UCL9DaEpV7gDkZR9vpG8uJj6i9OUExqQ!/m&ek=1&kp=1&pt=0&bo=VQhABlUIQAYRECc!&t=5&tl=3&vuin=3287424602&tm=1753462800&dis_t=1753464235&dis_k=f7ec8399f1a88932d73154567eb76e6e&sce=60-4-3&rf=0-0|https://a1.qpic.cn/psc?/V13NCa9820LrLQ/ruAMsa53pVQWN7FLK88i5mrfhnuu5X.wAwwNgkJ*Fd2At0z9RzXbsKz7pVWbu4uoeZgX1OAcdY.eJlL.h4l2p1v1fqVbq1gDzN.MP7FBBZQ!/m&ek=1&kp=1&pt=0&bo=VQhABlUIQAYRECc!&t=5&tl=3&vuin=3287424602&tm=1753462800&dis_t=1753464235&dis_k=ff30e003c264bc0ded6c85693eeb5e7e&sce=60-4-3&rf=0-0|https://a1.qpic.cn/psc?/V13NCa9820LrLQ/ruAMsa53pVQWN7FLK88i5mrfhnuu5X.wAwwNgkJ*Fd3TaKuGCKQgff5ux9vObMoGCvWr3shU66zRlby6b5OEDmqdUVSYsI0uDIroA74ijlo!/m&ek=1&kp=1&pt=0&bo=VQhABlUIQAYRECc!&t=5&tl=3&vuin=3287424602&tm=1753462800&dis_t=1753464235&dis_k=47c701ce85370b5608e95978199e3a5a&sce=60-4-3&rf=0-0
2023年12月28日 17:57,真是一场酣畅淋漓的抢课,https://a1.qpic.cn/psc?/V13NCa9820LrLQ/ruAMsa53pVQWN7FLK88i5vDc8ItwEFlid2TH.osVTAMWVn6qlwEjF7lmYpTB46mAkmbTwDoFkKlRgr*kr5XXNQvgxWQOGzzQZMvQJuDH7*Y!/c&ek=1&kp=1&pt=0&bo=iwYJAosGCQIWECA!&t=5&tl=3&vuin=3287424602&tm=1753462800&dis_t=1753464235&dis_k=3e114dae96e36adf5b0b3b202079ddc4&sce=60-2-2&rf=0-0
2023年12月26日 18:48,当时只道是寻常。,https://a1.qpic.cn/psc?/V13NCa9820LrLQ/ruAMsa53pVQWN7FLK88i5mZv6NFgtkoZuhqT0980a.uROnAXdt8hhGwxqw0VfLBXMUVZhSGlvhw2r97M*.79A1l6XZkU7t7wVv6uXjSeAw4!/c&ek=1&kp=1&pt=0&bo=PARsCTwEbAkRECc!&t=5&tl=3&vuin=3287424602&tm=1753462800&dis_t=1753464235&dis_k=f8cd075bed7b20a564a9cc8fd715bc5b&sce=60-2-2&rf=0-0
2023年12月23日 00:38,给自己最好的成人礼就是回家和爸妈吃顿饭,
2023年12月22日 23:03,亲爱的朋友，当你看到这里的时候，我已经在随州吃饺子和炸圆子了。,
2023年12月15日 16:11,,https://a1.qpic.cn/psc?/V14cwEyl3XAsB9/bqQfVz5yrrGYSXMvKr.cqdJBLMjgGF5igeM07n98YuyeQpHtdr788cygLjIs4unCoCSuToWnTtyMrzR4wscls1p5piEf7OYzx2fEI1r7bYk!/m&ek=1&kp=1&pt=0&bo=OAQkBjgEJAYWECA!&t=5&tl=3&vuin=3287424602&tm=1753462800&dis_t=1753464235&dis_k=1e073816674cb89b08eac78f74e57f28&sce=60-4-3&rf=0-0|https://a1.qpic.cn/psc?/V14cwEyl3XAsB9/bqQfVz5yrrGYSXMvKr.cqY0koEObsV9MU89mMHoEMVXxBXEJByWlzUbcXXyiB8MwExFmXgwr0Cgrmy3tMUsgAlPmJ1SOiJ0Dpqd2jZ34S*E!/m&ek=1&kp=1&pt=0&bo=MASYBTAEmAUWECA!&t=5&tl=3&vuin=3287424602&tm=1753462800&dis_t=1753464235&dis_k=15501e93bf824f9b688b05e1bfabd6ee&sce=60-4-3&rf=0-0|https://a1.qpic.cn/psc?/V14cwEyl3XAsB9/bqQfVz5yrrGYSXMvKr.cqXgJJxC.VZBRkqL2P66eKBTBnkZjdAIAa849.ff.ZMGfm8cPCZ1W9*yl06qHNhrVQUpUfp1JvBJ3EJ8wIbo9fv8!/m&ek=1&kp=1&pt=0&bo=NAT4BTQE.AUWECA!&t=5&tl=3&vuin=3287424602&tm=1753462800&dis_t=1753464235&dis_k=daab29f3e942a1e46a44e3d45422a8c9&sce=60-4-3&rf=0-0|https://a1.qpic.cn/psc?/V14cwEyl3XAsB9/bqQfVz5yrrGYSXMvKr.cqVCK9oqLwbdgFdqevK1yW6*HEvWEmcnzLnqmJ3MqPGsk8KTvwdZKZciDpYAcsudFiCDscqNbuwEiXtra.Xa1Nr4!/m&ek=1&kp=1&pt=0&bo=oAUACqAFAAoWECA!&t=5&tl=3&vuin=3287424602&tm=1753462800&dis_t=1753464235&dis_k=61be9cca9ef022a3dea8287c46c9d619&sce=60-4-3&rf=0-0|https://a1.qpic.cn/psc?/V14cwEyl3XAsB9/bqQfVz5yrrGYSXMvKr.cqaPzUqXGMCzUGUcL.9qsYkx7qIH.Wv4r0rXl.qxamQ4cAJduYcgKrF5EziUKTLoIGPbePonkgsrVFhIkrS2cSuc!/m&ek=1&kp=1&pt=0&bo=hAQHCIQEBwgWECA!&t=5&tl=3&vuin=3287424602&tm=1753462800&dis_t=1753464235&dis_k=39ad38bacc20d7383cab46c6f45663b2&sce=60-4-3&rf=0-0|https://a1.qpic.cn/psc?/V14cwEyl3XAsB9/bqQfVz5yrrGYSXMvKr.cqbnSlsmTr0dREkarR336ovfwZmMpP6xf7EVN*c50LkVmYSNoQznsk6ctmFXxwrczRijFVZedQ8sjyLNzVagxjPc!/m&ek=1&kp=1&pt=0&bo=AAQABgAEAAYWECA!&t=5&tl=3&vuin=3287424602&tm=1753462800&dis_t=1753464235&dis_k=ffda850910d27a42de44eaad01057cba&sce=60-4-3&rf=0-0|https://a1.qpic.cn/psc?/V14cwEyl3XAsB9/bqQfVz5yrrGYSXMvKr.cqUtnkx*aZbvTX*H*u5y1A4wjIJLf*T.3fZ4DboKmmUVsdHa.HqAoz2Pp0ThtBMJxBpItRz8e6AiTcR1.H1TQDog!/m&ek=1&kp=1&pt=0&bo=OAQkBDgEJAQWECA!&t=5&tl=3&vuin=3287424602&tm=1753462800&dis_t=1753464235&dis_k=76e464f735c293083ec788ec15269adf&sce=60-4-3&rf=0-0|https://a1.qpic.cn/psc?/V14cwEyl3XAsB9/bqQfVz5yrrGYSXMvKr.cqWozRwdE30kVItDLzabQWKGlcEDpf.gWruK8mtZwhacL6eU9Tct3Cz1lOGTt43YqcAUjRkqj85kE.CY8LVPF34U!/m&ek=1&kp=1&pt=0&bo=NATEBTQExAUWECA!&t=5&tl=3&vuin=3287424602&tm=1753462800&dis_t=1753464235&dis_k=c4a45c67d84d009b9184e20ea3c8f9f3&sce=60-4-3&rf=0-0|https://a1.qpic.cn/psc?/V14cwEyl3XAsB9/bqQfVz5yrrGYSXMvKr.cqTUa6oi3EWyiXTaeB7vl0.m3Hu7UsiFtuUr4mHcSJFxNRyV1FzHxMTKjXeaH82j*v6BCf*BZ2QvgW*8k8wQqzKw!/m&ek=1&kp=1&pt=0&bo=OAQ8AzgEPAMWECA!&t=5&tl=3&vuin=3287424602&tm=1753462800&dis_t=1753464235&dis_k=6fbffc5c5a1c96b127cdc7da042dbe60&sce=60-4-3&rf=0-0
2023年12月13日 00:21,爱会消失，还是会转移？,
编辑于2023年12月13日 00:21,"从来都没有觉得自己这么矫情过。
第一次有一束光照进我寡淡的世界，给我平淡无趣的生活带来希望与光芒。是在一个平淡的午后，暖阳打在我的身上；是在一个忙碌的夜晚，月光为我带来一丝惬意；又是在一个低沉的谷底，你们愿意伸出手，拽起我这个贪玩，摆烂，不上进的人一把。我是第一次，这么想靠近一个人 展开全文",https://a1.qpic.cn/psc?/V13NCa9820LrLQ/ruAMsa53pVQWN7FLK88i5qtUtnXcKSfKX3WPu8UHsJ4h4H0nnQDER705B0IS3KBjyDrZ958uwM.nwjckB*pCFqyTh0T*VB7LcgA5rJInO0U!/m&ek=1&kp=1&pt=0&bo=jQUfBI0FHwQWECA!&t=5&tl=3&vuin=3287424602&tm=1753462800&dis_t=1753464235&dis_k=22f619db259f5f4b2801a684e8662278&sce=60-4-3&rf=0-0|https://a1.qpic.cn/psc?/V13NCa9820LrLQ/ruAMsa53pVQWN7FLK88i5qtUtnXcKSfKX3WPu8UHsJ7xkW2De*9U18waEqlOAb0E4sP7U3f*WjPlxYYAHst5XC75yjWTFGp*i0JLYAaUAVY!/m&ek=1&kp=1&pt=0&bo=wAMcAsADHAIWECA!&t=5&tl=3&vuin=3287424602&tm=1753462800&dis_t=1753464235&dis_k=2b643c3ef3764eaaa6e1ab8f1bb8f90a&sce=60-4-3&rf=0-0|https://a1.qpic.cn/psc?/V13NCa9820LrLQ/ruAMsa53pVQWN7FLK88i5ryT7vv0ifYnv6O95ooUMCvX0QV.OWhzXawW*ciRrdv6bFoCgnCytmzQ5eAj57Cl1*NX77RsRUuVOeVR.5XMETs!/m&ek=1&kp=1&pt=0&bo=0AKVAdAClQEWECA!&t=5&tl=3&vuin=3287424602&tm=1753462800&dis_t=1753464235&dis_k=210e1abdc45264831547c145fc732e0a&sce=60-4-3&rf=0-0
2023年12月11日 00:14,,https://pic.ugcimg.cn/af36395d6452864b6a18b0496b3dc454/jpg1
2023年12月11日 00:14,,https://pic.ugcimg.cn/af36395d6452864b6a18b0496b3dc454/jpg1
2023年12月11日 00:14,,https://pic.ugcimg.cn/af36395d6452864b6a18b0496b3dc454/jpg1
2023年12月11日 00:06,愿我们的梦永不落空。,https://a1.qpic.cn/psc?/V13NCa9820LrLQ/ruAMsa53pVQWN7FLK88i5ga8iVhzbJZWpvC1WE5qmjMFTncwXBxRgUwDCz6Bkj6Aqnd4Xnn.P1hD2RcuKuxV9..T7T60HSCEEwFEELv*YLQ!/c&ek=1&kp=1&pt=0&bo=VQhABlUIQAYWECA!&t=5&tl=3&vuin=3287424602&tm=1753462800&dis_t=1753464239&dis_k=0345538551742406a8bdcbbea16c42f9&sce=60-2-2&rf=0-0
2023年12月10日 23:20,,https://a1.qpic.cn/psc?/V13NCa9820LrLQ/ruAMsa53pVQWN7FLK88i5lMA*EZVArW*DXkfv9VxM1Z7hPY*hN2UgGtr.yYzr3hoGEgrQePfrgl3J45bJjXM*XYEKGq7cSFphSXzq36bzEI!/c&ek=1&kp=1&pt=0&bo=VQhABlUIQAYWECA!&t=5&tl=3&vuin=3287424602&tm=1753462800&dis_t=1753464239&dis_k=ae2fa350f8d09a8e58a44140ecf70546&sce=60-2-2&rf=0-0
2023年12月10日 22:09,,https://a1.qpic.cn/psc?/V13NCa9820LrLQ/ruAMsa53pVQWN7FLK88i5qP.H2xTjcaDtt5f2tK5vS5A81HVeOba9xPYE.29EaYFA4JGVquPo6wEcUte0qva5naddhIdG11eKHTV.VsPnVw!/c&ek=1&kp=1&pt=0&bo=VQhABlUIQAYWECA!&t=5&tl=3&vuin=3287424602&tm=1753462800&dis_t=1753464239&dis_k=ad0f739a2202e3470e437f09ea0f7955&sce=60-2-2&rf=0-0
2023年12月10日 20:00,奔赴向你义无反顾也无条件。,
2023年12月10日 14:11,奔赴向你义无反顾也无条件。,http://p1.music.126.net/HQxTggMCB7AHUXN-ZFEtmA==/1371091013186741.jpg?imageView=1&thumbnail=1084z2186&type=webp&quality=80
2023年12月8日 18:30,最厉害的一集,https://a1.qpic.cn/psc?/V13NCa9820LrLQ/ruAMsa53pVQWN7FLK88i5uTvh5ijVdJVjD9H7DSsnCakhUD3IJaBCa1DNyECvhjADc8h1lPgdrqPS8udu191b4c7.a85zLSUvnhrer91ork!/c&ek=1&kp=1&pt=0&bo=PARsCTwEbAkWECA!&t=5&tl=3&vuin=3287424602&tm=1753462800&dis_t=1753464239&dis_k=ef63da31ffae0988b9ba58798aaf15b2&sce=60-2-2&rf=0-0
2023年12月8日 18:00,再玩9剁手,
2023年12月6日 22:20,,https://pic.ugcimg.cn/1e45f2fe33d1a87dc8134c6b0c89275b/jpg1
2023年12月1日 14:50,上学这么多天第一次被学校的药价感动,https://a1.qpic.cn/psc?/V13NCa9820LrLQ/ruAMsa53pVQWN7FLK88i5k63dzVtpAQeteXK.TvlRuAtZ2kzbwqOSZ1Sr52eNAKOQo9Njf0WBZTgL*qnMRIk7dW4JyWREZgBdBGNYhbNHGg!/c&ek=1&kp=1&pt=0&bo=QAZVCEAGVQgWECA!&t=5&tl=3&vuin=3287424602&tm=1753462800&dis_t=1753464245&dis_k=246b9e7c6e5e6bc14c7806228f76c11f&sce=60-2-2&rf=0-0
2023年11月30日 22:52,"虽然答辩过程有小意外，但是第一名
虽然临时爆改ppt，但是第一名
虽然鼻塞发烧，但是第一名
虽然第一名，但是第一名",https://a1.qpic.cn/psc?/V13NCa9820LrLQ/ruAMsa53pVQWN7FLK88i5pJwf.6duaJCCrqI*kldJJD5GtoJ*6iP8ir5D4Qd84cduvxM2FuwdNs.EDMFUky9V4w1HmQCC26AiWMdF2.lUdA!/m&ek=1&kp=1&pt=0&bo=QAZVCEAGVQgWECA!&t=5&tl=3&vuin=3287424602&tm=1753462800&dis_t=1753464245&dis_k=ab97dc968b973ca22d54e5d94d13d70b&sce=60-4-3&rf=0-0|https://a1.qpic.cn/psc?/V13NCa9820LrLQ/ruAMsa53pVQWN7FLK88i5pJwf.6duaJCCrqI*kldJJBVWEKQpZZxWT2JvIpAJNCePXsAg.X7c0A63RpBw0t2iYBMhwUZ5r60q8Ma0kAvpf0!/m&ek=1&kp=1&pt=0&bo=gAegBYAHoAUWECA!&t=5&tl=3&vuin=3287424602&tm=1753462800&dis_t=1753464245&dis_k=9882d74aee0698dcf5e8839479139b21&sce=60-4-3&rf=0-0|https://a1.qpic.cn/psc?/V13NCa9820LrLQ/ruAMsa53pVQWN7FLK88i5pJwf.6duaJCCrqI*kldJJDQJhubu9K5GIFb0sPO8kglTZ8vyZgNjRjiCI59*aCsVSztXVGQz8JelsmUaov5*qg!/m&ek=1&kp=1&pt=0&bo=OARjCTgEYwkWECA!&t=5&tl=3&vuin=3287424602&tm=1753462800&dis_t=1753464245&dis_k=5be280e3052bc64d6f27e8b479691e1e&sce=60-4-3&rf=0-0|https://a1.qpic.cn/psc?/V13NCa9820LrLQ/ruAMsa53pVQWN7FLK88i5pJwf.6duaJCCrqI*kldJJC3fogy6sZMhR3ZLoOoksLW7YDNtQAOZ5uOWYNgIvqtO.0o0VBliwG6wnkj41s1RtM!/m&ek=1&kp=1&pt=0&bo=VQhABlUIQAYWECA!&t=5&tl=3&vuin=3287424602&tm=1753462800&dis_t=1753464245&dis_k=fb7c9cd8379d806006176588b4f4766e&sce=60-4-3&rf=0-0|https://a1.qpic.cn/psc?/V13NCa9820LrLQ/ruAMsa53pVQWN7FLK88i5iKMBML28pL34EkFgHoj9eymbVol0nLW1hJbZ1IYRPq.FSeeT2S613L1aaiWVX5K8Yg*oTLB.JCRkTvcbmeTM2g!/m&ek=1&kp=1&pt=0&bo=gAegBYAHoAUWECA!&t=5&tl=3&vuin=3287424602&tm=1753462800&dis_t=1753464245&dis_k=1806d9e72792bbdf1c13f31095eb8f45&sce=60-4-3&rf=0-0|https://a1.qpic.cn/psc?/V13NCa9820LrLQ/ruAMsa53pVQWN7FLK88i5iKMBML28pL34EkFgHoj9eyd1SW*aljx7byM9uI9WnMab02M9pBopjo3cvjaAvgpb*7p*pfOp*voyK6KEyc*DIk!/m&ek=1&kp=1&pt=0&bo=OAR*BzgEfwcWECA!&t=5&tl=3&vuin=3287424602&tm=1753462800&dis_t=1753464245&dis_k=9df602d15048cb9984f2dbf6c0ee1fab&sce=60-4-3&rf=0-0
2023年11月27日 15:33,每天破一防，防防不一样,
2023年11月26日 12:00,最幸福的一集,https://a1.qpic.cn/psc?/V13NCa9820LrLQ/ruAMsa53pVQWN7FLK88i5sKbibGJiaU79uPKP4Q0WSj9pP4PwEHvA49KVrl7o2KN37NtHit9us3.OwLYVxX0a4uOsCta37fDtvdJaRlYJ7s!/c&ek=1&kp=1&pt=0&bo=VQhABlUIQAYWECA!&t=5&tl=3&vuin=3287424602&tm=1753462800&dis_t=1753464245&dis_k=dd5c44d2a125451e05e6593b158725cb&sce=60-2-2&rf=0-0|https://a1.qpic.cn/psc?/V13NCa9820LrLQ/ruAMsa53pVQWN7FLK88i5sKbibGJiaU79uPKP4Q0WSi8MX.D4rvmCO1exMRP*XsvEjafkX*v6Nm9Nh7ZjNSXZ3iU51qDbz4HF3tL.TfXWEQ!/c&ek=1&kp=1&pt=0&bo=VQhABlUIQAYWECA!&t=5&tl=3&vuin=3287424602&tm=1753462800&dis_t=1753464245&dis_k=978df9f4de08c8a5ffc6740fe24e788b&sce=60-2-2&rf=0-0
2023年11月23日 23:20,一想到明天就周五了做梦都能笑出来,
2023年11月23日 09:42,专业导论课？学委历险记！,
2023年11月21日 14:20,六点二十的夜。,https://a1.qpic.cn/psc?/V13NCa9820LrLQ/ruAMsa53pVQWN7FLK88i5herh*bygEaz8WNheNV45raqWvn6hbqj8wRlBC7hIkskCPj7t7WsrTgpVlPSJHcXgmtBx8*oakC*YdpHDxTHd68!/c&ek=1&kp=1&pt=0&bo=VQhABlUIQAYWECA!&t=5&tl=3&vuin=3287424602&tm=1753462800&dis_t=1753464245&dis_k=2e92f91034ab3baf91dd63969cb85071&sce=60-2-2&rf=0-0
2023年11月21日 06:08,拼搏240天，我要上武理高中,
2023年11月19日 18:33,我不就开个会停你两小时，凭什么不算我成绩,https://a1.qpic.cn/psc?/V13NCa9820LrLQ/ruAMsa53pVQWN7FLK88i5phvBkdJFVX*zmcX68eNG5CInVmmRgs8iQmuVXxxob1jkpmfGym.g42JWFD.nfwibbmiIBbZxZXsD20A2dBmkew!/c&ek=1&kp=1&pt=0&bo=XwOAB18DgAcWECA!&t=5&tl=3&vuin=3287424602&tm=1753462800&dis_t=1753464245&dis_k=63600661987a95827978ad50199260d7&sce=60-2-2&rf=0-0
2023年11月13日 21:06,想死的心总在一瞬间达到极点,https://a1.qpic.cn/psc?/V13NCa9820LrLQ/ruAMsa53pVQWN7FLK88i5h*G7AUlqt33Qw0KuCU7uQ5kDbvmfy.S6Y9ELHkjO6dHnFnsbksSwemaAL6T5FawBF75pGSbxWliB7pj5P2hlXM!/c&ek=1&kp=1&pt=0&bo=SAbTAkgG0wIWECA!&t=5&tl=3&vuin=3287424602&tm=1753462800&dis_t=1753464245&dis_k=0f7d1d6f2a6b7e8e22b773401b0b7636&sce=60-2-2&rf=0-0
2023年11月11日 22:20,那就祝我节日快乐吧。,https://a1.qpic.cn/psc?/V13NCa9820LrLQ/ruAMsa53pVQWN7FLK88i5mrfhnuu5X.wAwwNgkJ*Fd2JP*ZZ*26FLKLuKqjHxkcvDRpg*5NO8VQGO43TT7gABCbadFg22zoQejR3yO8jbeg!/c&ek=1&kp=1&pt=0&bo=bAk8BGwJPAQWECA!&t=5&tl=3&vuin=3287424602&tm=1753462800&dis_t=1753464250&dis_k=3cdf77b9b3e42de4521350a540493ed4&sce=60-2-2&rf=0-0
2023年11月10日 21:45,有什么办法能让明天下暴雨？在线等，挺急的。,
2023年11月8日 23:10,,https://pic.ugcimg.cn/61d5415f14f32aa148c4cbc41f1e70c0/jpg1
2023年11月8日 13:27,提瓦特的鱼都快给爷去死吧,
2023年11月5日 22:06,再玩铲剁手,
2023年10月30日 20:30,不是恋爱谈不起，而是赛博恋爱更有性价比,
2023年10月28日 22:05,从余家头到马家榨。,https://a1.qpic.cn/psc?/V13NCa9820LrLQ/ruAMsa53pVQWN7FLK88i5k63dzVtpAQeteXK.TvlRuBvg*flXBEd33G8OI9DC1XyRp1La.1UJ9JFMeQOQ97.EYKy3AerXKdhuiXKbwEjHW4!/b&ek=1&kp=1&pt=0&bo=fwc4BH8HOAQWECA!&t=5&tl=3&vuin=3287424602&tm=1753462800&dis_t=1753464250&dis_k=c338c7cf67be7ebf5e6fd7936b788fcc&sce=60-1-1&rf=0-0|https://a1.qpic.cn/psc?/V13NCa9820LrLQ/ruAMsa53pVQWN7FLK88i5uTvh5ijVdJVjD9H7DSsnCacyK3Nnl4QPe0XIiVfOgDsMqaBD7IdnwhDH0pssbBpCj21kzQTdlQrFSbUgYuReEM!/c&ek=1&kp=1&pt=0&bo=VQhABlUIQAYWECA!&t=5&tl=3&vuin=3287424602&tm=1753462800&dis_t=1753464250&dis_k=b1a5bcb2431f2a4b38f02116f2e0d2a8&sce=60-2-2&rf=0-0
2023年10月27日 15:15,今天是究极无敌巨可爱的纳西妲的生日！,https://a1.qpic.cn/psc?/V13NCa9820LrLQ/ruAMsa53pVQWN7FLK88i5nDaUFLBaSd6D4RYa*7.batjzQiYlUK1PLK1sHjK9H*uLwGvzb5Soxl7C3XrhnQqHT3F7pK71UvtBlyseBj6Qmw!/m&ek=1&kp=1&pt=0&bo=SAbTAkgG0wIWECA!&t=5&tl=3&vuin=3287424602&tm=1753462800&dis_t=1753464250&dis_k=b93ce6a2d07250ca869faf79550171cb&sce=60-4-3&rf=0-0|https://a1.qpic.cn/psc?/V13NCa9820LrLQ/ruAMsa53pVQWN7FLK88i5nDaUFLBaSd6D4RYa*7.baud0la4LZ5wRaFI*i8i31pHZKkXoUkMAXZ.9k5Fhc0emM32nELlx2DecwLW908HgAs!/m&ek=1&kp=1&pt=0&bo=bAk8BGwJPAQWECA!&t=5&tl=3&vuin=3287424602&tm=1753462800&dis_t=1753464250&dis_k=989a6382139130de8a671402b1f5f722&sce=60-4-3&rf=0-0|https://a1.qpic.cn/psc?/V13NCa9820LrLQ/ruAMsa53pVQWN7FLK88i5nDaUFLBaSd6D4RYa*7.basnyzloefw87OniDDyfYt8KuN1sGhr3xqcBUp5LNy5FHBTkCICrooNi7j5UCeC4y4A!/m&ek=1&kp=1&pt=0&bo=SAbTAkgG0wIWECA!&t=5&tl=3&vuin=3287424602&tm=1753462800&dis_t=1753464250&dis_k=eca794b8911916c9aae26e78ca49090f&sce=60-4-3&rf=0-0
2023年10月27日 02:22,醒醒.,
2023年10月26日 11:56,谁知道航海楼天台怎么走？,
2023年10月20日 19:00,昨日的天空永远晴朗。,https://a1.qpic.cn/psc?/V13NCa9820LrLQ/ruAMsa53pVQWN7FLK88i5sv.OIjIObxvce2nQ3frjsnNcXRymK*heTlFWLc2RbMAdyuGPNIif*qKfsg21gPL41bi9Fh9vv6uucKAk1jXNmo!/m&ek=1&kp=1&pt=0&bo=VQhABlUIQAYWECA!&t=5&tl=3&vuin=3287424602&tm=1753462800&dis_t=1753464254&dis_k=d991bd53d3bae025aa5c5563127f3c31&sce=60-4-3&rf=0-0|https://a1.qpic.cn/psc?/V13NCa9820LrLQ/ruAMsa53pVQWN7FLK88i5sv.OIjIObxvce2nQ3frjskceZulcyV8sZgLg9P7GsH5EbWw*UHW*VRqCoTvjYB8rWYwOhd0ygjTTtqzA3VScP4!/m&ek=1&kp=1&pt=0&bo=VQhABlUIQAYWECA!&t=5&tl=3&vuin=3287424602&tm=1753462800&dis_t=1753464254&dis_k=579c66b4f0f1874d1247a79336d506c7&sce=60-4-3&rf=0-0|https://a1.qpic.cn/psc?/V13NCa9820LrLQ/ruAMsa53pVQWN7FLK88i5sv.OIjIObxvce2nQ3frjsm5Sg1hHDis73lFRTa9dwNJ6KxJyagJi0EQxqs*OKfHQljfpPBx0*3sz9cl*K*5Rjc!/m&ek=1&kp=1&pt=0&bo=VQhABlUIQAYWECA!&t=5&tl=3&vuin=3287424602&tm=1753462800&dis_t=1753464254&dis_k=74c745d1aec368a24cd7d14c031ae54c&sce=60-4-3&rf=0-0
2023年10月18日 23:15,从前车马慢，一生只够爱一人。,
2023年10月15日 21:50,家人们，我有个朋友出轨了，我这朋友让我问问，他该以怎样的心态面对很喜欢的现任和很喜欢的出轨对象？,
2023年10月13日 23:59,遗失的拖鞋是压死大学牲的最后一根稻草。,
2023年10月11日 01:00,深秋的傍晚，她说，夜不识色。,https://pic.ugcimg.cn/7353054f74d4ed1e569a128404b88da4/jpg1
2023年10月9日 23:24,,https://a1.qpic.cn/psc?/V13NCa9820LrLQ/ruAMsa53pVQWN7FLK88i5pq4emMNVc6tG31zqg5huY64RmH1G2oIfOoY*JqYaawiicHMSx0wpvDUv84DKIKTPvAtYR6n67K1QA6Nb3PDvxE!/c&ek=1&kp=1&pt=0&bo=PAQ*BDwEPwQWECA!&t=5&tl=3&vuin=3287424602&tm=1753462800&dis_t=1753464254&dis_k=fabbc7b385b3b143ddb931fef1c62aa0&sce=60-2-2&rf=0-0
2023年9月28日 11:16,空间的朋友们有福了，给大家一个恰美女V的机会,https://a1.qpic.cn/psc?/V13NCa9820LrLQ/ruAMsa53pVQWN7FLK88i5ga8iVhzbJZWpvC1WE5qmjPQEoHCero0UvVENgly1fpxD85aAbx.xKFl0vP5.GonL9ckJJwGRR7O6mkdFV0ulls!/b&ek=1&kp=1&pt=0&bo=ugMWBboDFgUDEDU!&tl=1&vuin=3287424602&tm=1753462800&dis_t=1753464254&dis_k=1c2a3519c148a4bbd7b842a98ef92a3d&sce=60-1-1&rf=0-0
2023年9月28日 07:30,"国庆节来临之际，是不是感觉自己的钱没地方花?我们特别推出《认识杨子煜很幸运》活动
活动一:即日起，发送消息“杨子煜我想请你喝奶茶”就有机会获得请杨子煜喝奶茶的机会！活动日期无截止。
活动二:即日起，发送短信“请杨子煜吃饭”至中国移动15897652956即有机会获得请杨子煜吃饭的机会！活动日期无截止。
活动三:即日起，发送红包至杨子煜的微信，就有机会获得评价：“谢谢你，你最好啦！”本活动期限无截止，心动不 展开全文",
2023年9月26日 09:32,五发子弹，三发在旁边同学靶子上，两发在我的靶子上，我是神枪手,
2023年9月25日 23:21,一晚上算是把村给跑明白了。,
2023年9月24日 21:00,大专。,https://a1.qpic.cn/psc?/V13NCa9820LrLQ/ruAMsa53pVQWN7FLK88i5vm4foXd*rtyVbUtFx3CrXZZXB96ukPYoYM6xJT4qtB4Q7TGnPt1m9jESwSo0EhSrqlUiGbCPhRBL686wyf..Es!/c&ek=1&kp=1&pt=0&bo=gAdgA4AHYAMWECA!&t=5&tl=3&vuin=3287424602&tm=1753462800&dis_t=1753464256&dis_k=514baa82f78ed93b7c52de826f14e9af&sce=60-2-2&rf=0-0|https://a1.qpic.cn/psc?/V13NCa9820LrLQ/ruAMsa53pVQWN7FLK88i5vm4foXd*rtyVbUtFx3CrXaq9O6.a7WDQ4tpTENlq6QJWpAbGBSu8w.MS0f*rCr6Yh0qAEfU7xcrrxOU5Ypygbo!/c&ek=1&kp=1&pt=0&bo=VQhABlUIQAYWECA!&t=5&tl=3&vuin=3287424602&tm=1753462800&dis_t=1753464256&dis_k=aebcd6ec2cba8b1e96540f41b92855ff&sce=60-2-2&rf=0-0|https://a1.qpic.cn/psc?/V13NCa9820LrLQ/ruAMsa53pVQWN7FLK88i5vm4foXd*rtyVbUtFx3CrXYZIcmZ3l.MIBVRvDhWmeade7KJs5.gZO8esdraob8x2ckhNi.T8FF0F9ON.MUVKvY!/c&ek=1&kp=1&pt=0&bo=VQhABlUIQAYWECA!&t=5&tl=3&vuin=3287424602&tm=1753462800&dis_t=1753464256&dis_k=25162bc1fbd427d7146fc3485b70b460&sce=60-2-2&rf=0-0|https://a1.qpic.cn/psc?/V13NCa9820LrLQ/ruAMsa53pVQWN7FLK88i5qOVjeq61nebKfGhSsBVU2tZixLEIGwLaJeccmysodhxxkWqxmJ.A5yxfuDDFnnPP4lHoCvtpzcrcz68yjVibU4!/b&ek=1&kp=1&pt=0&bo=HAtABhwLQAYWECA!&t=5&tl=3&vuin=3287424602&tm=1753462800&dis_t=1753464256&dis_k=1352b71ed56ac34467e50b35f419521e&sce=60-1-1&rf=0-0
2023年9月21日 22:22,人应当昏睡死在床上，而不是累死在操场上。,
2023年9月20日 20:17,投一团二连，给大家一次谄媚我的机会。,https://mmbiz.qpic.cn/mmbiz_jpg/K6m0dWGYMmgP7dQywe3hhe6pwC4GSe84ezpib9otmFNibj9Z6qKtF5SwLQOPd6oZmgURdWsAICm628YNzibXqCdzw/300?wx_fmt=jpeg&wxfrom=6
2023年9月19日 09:24,一拳打爆军训,
2023年9月16日 22:13,再说一遍，我是纳西妲的狗！！！！！！！,https://pic.ugcimg.cn/09151d5c7a21cdc5f4d862cd71962e40/jpg1
2023年9月16日 11:50,,https://a1.qpic.cn/psc?/V13NCa9820LrLQ/ruAMsa53pVQWN7FLK88i5uTvh5ijVdJVjD9H7DSsnCaKUodCrLYqpQ.TYJm*wk.lO177SuTPm08cZSqcEKm808eeQ1zHkI.RhIXIwYU447w!/c&ek=1&kp=1&pt=0&bo=PAQZAzwEGQMWECA!&t=5&tl=3&vuin=3287424602&tm=1753462800&dis_t=1753464256&dis_k=079f3f0977e0c59d35985597d6820706&sce=60-2-2&rf=0-0
2023年9月14日 17:48,我不是军，我是军。,
2023年9月13日 22:46,以后就是军了,https://a1.qpic.cn/psc?/V13NCa9820LrLQ/ruAMsa53pVQWN7FLK88i5l1Eurj.vFmfsTtJ5hMjryBV5q8wyfjEk8koYz5.HdE7IgtZLuATj7QiEzuQyKPO0G*3Ek39Ysro0OeRYzulQ0U!/c&ek=1&kp=1&pt=0&bo=OARjCTgEYwkWECA!&t=5&tl=3&vuin=3287424602&tm=1753462800&dis_t=1753464256&dis_k=1bc0747374d12c5a003dc67c76e9e979&sce=60-2-2&rf=0-0
2023年9月11日 15:07,1千字小作文都写完了，还办不完你这银行卡,https://a1.qpic.cn/psc?/V13NCa9820LrLQ/ruAMsa53pVQWN7FLK88i5p3M6GJDXErqPJEiSPEOc*joF26XW2mGdRIdom92nzBKNMOHcIuiL5vl1u0F84ADJgxyGFh0uSF.ooD.7HHAWC4!/c&ek=1&kp=1&pt=0&bo=OARjCTgEYwkWECA!&t=5&tl=3&vuin=3287424602&tm=1753462800&dis_t=1753464256&dis_k=73b1a7131a399f4f44f5a51819fc8c93&sce=60-2-2&rf=0-0
2023年9月8日 22:05,听一百遍反方向的钟是不是就可以回到六月九号的晚上,
2023年9月7日 16:45,,https://a1.qpic.cn/psc?/V13NCa9820LrLQ/ruAMsa53pVQWN7FLK88i5sJCjRqLb8IYKRxdpgiXN4fu0TcRfcJrl3z1erAPCGhJEVMUv5d2P*33cIc*sfd36mEZY5VKh.RJZ0YOb1iPf*g!/c&ek=1&kp=1&pt=0&bo=PAQoBDwEKAQWECA!&t=5&tl=3&vuin=3287424602&tm=1753462800&dis_t=1753464258&dis_k=74ee2f881b96abc0e04f4672c3340b3e&sce=60-2-2&rf=0-0
2023年9月5日 18:33,一想到开学就想引爆地球,
2023年8月25日 22:40,就让我们肆意地飞翔在同一片天空。,https://a1.qpic.cn/psc?/V13NCa9820LrLQ/ruAMsa53pVQWN7FLK88i5mZv6NFgtkoZuhqT0980a.szTEySPsxrhDruzLLocHfmFqtKEZmfXImHzTI3uvnUm3nt5aTnxFVI7kkse8VVePY!/c&ek=1&kp=1&pt=0&t=5&tl=3&vuin=3287424602&tm=1753462800&dis_t=1753464258&dis_k=0c299a919eb2f78a812b72f143d829eb&sce=60-2-2&rf=0-0|https://a1.qpic.cn/psc?/V13NCa9820LrLQ/ruAMsa53pVQWN7FLK88i5mZv6NFgtkoZuhqT0980a.uU8qMo93PDztSxFFtuFXtM6AM4YhzPTYHau8IDG.0Ldu0JDpGjl4bmHH9ztbLwiIk!/c&ek=1&kp=1&pt=0&t=5&tl=3&vuin=3287424602&tm=1753462800&dis_t=1753464258&dis_k=f9a3237f7599d2d6d878b54e4fc1ef49&sce=60-2-2&rf=0-0|https://a1.qpic.cn/psc?/V13NCa9820LrLQ/ruAMsa53pVQWN7FLK88i5oMbg1v6lqTq6uhInX8yjKosyQa4F80T6QK3VK8*BMNWEp*5l7vwOJj7U9SS5HwxwHQkgpd1YESolVSMwjPblPE!/c&ek=1&kp=1&pt=0&t=5&tl=3&vuin=3287424602&tm=1753462800&dis_t=1753464258&dis_k=4e885730de6f45a9b1fb02df90b22eac&sce=60-2-2&rf=0-0|https://a1.qpic.cn/psc?/V13NCa9820LrLQ/ruAMsa53pVQWN7FLK88i5oMbg1v6lqTq6uhInX8yjKqkZBhV93mCCIwmcBeC2*GfJBfPXk7kxo*F4yqH.wIkfB4lndvgVeN5yvScH72hS58!/c&ek=1&kp=1&pt=0&t=5&tl=3&vuin=3287424602&tm=1753462800&dis_t=1753464258&dis_k=006c83a67988865a4b8148abd3f4b7a2&sce=60-2-2&rf=0-0|https://a1.qpic.cn/psc?/V13NCa9820LrLQ/ruAMsa53pVQWN7FLK88i5oMbg1v6lqTq6uhInX8yjKqDUK9*bm.YH4uZ033xOMN68PJkXzGSYqT0uoJkuOmQXP8cijkn7Cj6fB*sjNN5JJw!/c&ek=1&kp=1&pt=0&t=5&tl=3&vuin=3287424602&tm=1753462800&dis_t=1753464258&dis_k=8fffa529596ae1fd8ce999a119914fd6&sce=60-2-2&rf=0-0|https://a1.qpic.cn/psc?/V13NCa9820LrLQ/ruAMsa53pVQWN7FLK88i5oMbg1v6lqTq6uhInX8yjKqDwVVZz8Ksf4.0ddXQWgj9FyDl2dqC.u93oVR0YnlStpt2EsF1ZX0EGF4rgBOAp*U!/c&ek=1&kp=1&pt=0&t=5&tl=3&vuin=3287424602&tm=1753462800&dis_t=1753464258&dis_k=0ca0931bd589ba3a60768174269dfd31&sce=60-2-2&rf=0-0|https://a1.qpic.cn/psc?/V13NCa9820LrLQ/ruAMsa53pVQWN7FLK88i5h*G7AUlqt33Qw0KuCU7uQ6FIkzA.Xgs4.OxXqsEGTRiJNrg9sqnSVs6VbqQHHCZeXchcgoC7AifINF4Dz.K760!/c&ek=1&kp=1&pt=0&t=5&tl=3&vuin=3287424602&tm=1753462800&dis_t=1753464258&dis_k=e4991583b92e6ee927513e2e1ccb5d4e&sce=60-2-2&rf=0-0|https://a1.qpic.cn/psc?/V13NCa9820LrLQ/ruAMsa53pVQWN7FLK88i5h*G7AUlqt33Qw0KuCU7uQ7TlqQWBZ5j.o9nX*shaWlVEokoiCHeqHO8wKqEIJXaY.*JmsW12cWVg7aYzsDPyp0!/c&ek=1&kp=1&pt=0&t=5&tl=3&vuin=3287424602&tm=1753462800&dis_t=1753464258&dis_k=0cf7d904eb0e0cb322122c85fbb82e1a&sce=60-2-2&rf=0-0|https://a1.qpic.cn/psc?/V13NCa9820LrLQ/ruAMsa53pVQWN7FLK88i5h*G7AUlqt33Qw0KuCU7uQ4QCTTtocWnULKOcjbsfJbaPljJAwIAJCsZVNn0Jn7mJXNmmwbV4yGR9QyaWirPmZ4!/c&ek=1&kp=1&pt=0&t=5&tl=3&vuin=3287424602&tm=1753462800&dis_t=1753464258&dis_k=c7e2b1e9cba4a8bdece6327e7e7cc8d3&sce=60-2-2&rf=0-0
2023年8月22日 12:50,年纪轻轻，全款拿下三杯优乐美,https://a1.qpic.cn/psc?/V13NCa9820LrLQ/ruAMsa53pVQWN7FLK88i5kOO9k7NJwl2424JipeH2rqv0qg3oZ9sc5JP0yYnsEBPSW1iCM.IFeA4evqiXuQ*oa16YpnL0KIoWLLxc*qlwZU!/m&ek=1&kp=1&pt=0&bo=QAZVCEAGVQgWECA!&t=5&tl=3&vuin=3287424602&tm=1753462800&dis_t=1753464258&dis_k=06d37f5da2b0ef15845e3042813384c0&sce=60-4-3&rf=0-0|https://a1.qpic.cn/psc?/V13NCa9820LrLQ/ruAMsa53pVQWN7FLK88i5sJCjRqLb8IYKRxdpgiXN4dlHTsT3sYhoh7U*AtZ4Z6TSXrmLjOzFciXhePZwVG4KvZunpxdCH0Jtd9KOgq4AKg!/m&ek=1&kp=1&pt=0&bo=QAZVCEAGVQgWECA!&t=5&tl=3&vuin=3287424602&tm=1753462800&dis_t=1753464258&dis_k=ebb51c282861d8139e98ca7b53cb2cb3&sce=60-4-3&rf=0-0|https://a1.qpic.cn/psc?/V13NCa9820LrLQ/ruAMsa53pVQWN7FLK88i5sJCjRqLb8IYKRxdpgiXN4cKXTPzb2Nj2H2AIYBa7qU8tMjga2gfBW1YJW*P6usCmhkjHqgS2Q0aCJdMmTZd.bY!/m&ek=1&kp=1&pt=0&bo=QAZVCEAGVQgWECA!&t=5&tl=3&vuin=3287424602&tm=1753462800&dis_t=1753464258&dis_k=ea7d1646b624cb3d5cc281ecd2688444&sce=60-4-3&rf=0-0
2023年8月22日 09:05,,https://pic.ugcimg.cn/fd20470ba7c04fe0d4588d54e0aadd9f/jpg1
2023年8月20日 12:00,我的猫,https://a1.qpic.cn/psc?/V13NCa9820LrLQ/ruAMsa53pVQWN7FLK88i5gXlW*6lfg89c.f8GvwG1qqD4bk2CC*bKFsxnlQzlMfXM.kbNGRHMo8tP0cB5Ek.GK2Hs3diBHrQnQvkC6KI0fI!/c&ek=1&kp=1&pt=0&bo=VQhABlUIQAYWECA!&t=5&tl=3&vuin=3287424602&tm=1753462800&dis_t=1753464258&dis_k=9965fe085aacf82b5807cc16b5b70a9f&sce=60-2-2&rf=0-0|https://a1.qpic.cn/psc?/V13NCa9820LrLQ/ruAMsa53pVQWN7FLK88i5gXlW*6lfg89c.f8GvwG1qrquvc5wKckROLzY.nHJNByq3XUO7G1YFn32kvynSIEYSF8bD6YJrb8A*XMzbOBTLw!/c&ek=1&kp=1&pt=0&bo=VQhABlUIQAYWECA!&t=5&tl=3&vuin=3287424602&tm=1753462800&dis_t=1753464258&dis_k=600fc61ccd675dd3974840aa40b57e1b&sce=60-2-2&rf=0-0|https://a1.qpic.cn/psc?/V13NCa9820LrLQ/ruAMsa53pVQWN7FLK88i5gXlW*6lfg89c.f8GvwG1qrYGtmPsmnUfV6s*TIldZXjdSAG90upgy8tt2RPmsVsYPRSFbwlIsBt*M2Rr7sMmf4!/c&ek=1&kp=1&pt=0&bo=VQhABlUIQAYWECA!&t=5&tl=3&vuin=3287424602&tm=1753462800&dis_t=1753464258&dis_k=b5232aa22f8b6e4af6ab243867c9c23d&sce=60-2-2&rf=0-0|https://a1.qpic.cn/psc?/V13NCa9820LrLQ/ruAMsa53pVQWN7FLK88i5gXlW*6lfg89c.f8GvwG1qp2mW0K1Yj3d6ZQLQ168UijY0GWZm8NO**E49YPUf1qqFJl9dBa*cezJuqaF1ydJxI!/c&ek=1&kp=1&pt=0&bo=VQhABlUIQAYWECA!&t=5&tl=3&vuin=3287424602&tm=1753462800&dis_t=1753464258&dis_k=41f8bc28eba58775821498b4e966f731&sce=60-2-2&rf=0-0
2023年8月17日 21:30,启航！,https://a1.qpic.cn/psc?/V13NCa9820LrLQ/ruAMsa53pVQWN7FLK88i5h*G7AUlqt33Qw0KuCU7uQ52R*oMfhiaIRhhtdmaOlnDn3Z2WbnZ86ieiAD*jXMItmhlRrMCSch8z*zBYgptvuw!/c&ek=1&kp=1&pt=0&bo=SAbTAkgG0wIWECA!&t=5&tl=3&vuin=3287424602&tm=1753462800&dis_t=1753464258&dis_k=0a9339579cbb72fa1bbd65cbeee550d3&sce=60-2-2&rf=0-0
2023年8月16日 21:15,原神，启动！,https://a1.qpic.cn/psc?/V13NCa9820LrLQ/ruAMsa53pVQWN7FLK88i5tdfFzR6Pym7KwutK8OVoqt7Dw7bNIs8tq*Bh0v85YsNB.QeDOrHMPJblWYuK15O2GQR4xp95X157SIisFRDCRo!/c&ek=1&kp=1&pt=0&bo=SAbTAkgG0wIWECA!&t=5&tl=3&vuin=3287424602&tm=1753462800&dis_t=1753464258&dis_k=5770eefe10bd493fbf71ddb9499d1d5b&sce=60-2-2&rf=0-0
2023年8月6日 23:33,想见你，只想见你。,
2023年8月6日 23:10,sunflower要一直追赶太阳。,
2023年8月3日 18:04,速来，我给你们发小零食,https://a1.qpic.cn/psc?/V13NCa9820LrLQ/ruAMsa53pVQWN7FLK88i5pJwf.6duaJCCrqI*kldJJBlEb4saEeOQgtWToXDgXTos9oevEPgWVqX3VGmc3G617YIKnlG7RJOPKvdw9Hl8zk!/c&ek=1&kp=1&pt=0&bo=VQhABlUIQAYWECA!&t=5&tl=3&vuin=3287424602&tm=1753462800&dis_t=1753464265&dis_k=79ac8ef55483237515ec1e0806c65e3c&sce=60-2-2&rf=0-0
2023年7月31日 13:35,对不起szyz，怪我年少轻狂不经事，只有离开了才发现，原来您的宿舍条件这么好,
2023年7月18日 20:47,再玩原剁手。,
2023年7月14日 15:45,让我看看家人们谁都在吃,
2023年6月21日 13:44,今天是究极无敌巨可爱的宵宫老婆的生日,https://a1.qpic.cn/psc?/V13NCa9820LrLQ/ruAMsa53pVQWN7FLK88i5nmG20nv*JR1788IeklAVxV3BAMaBznbGszmuWBrRmwUTpM6MjPEjSPsMt5h3d6AgzeAN2XyxIX5vLpXa9E5tdM!/m&ek=1&kp=1&pt=0&bo=SAbTAkgG0wIWECA!&t=5&tl=3&vuin=3287424602&tm=1753462800&dis_t=1753464265&dis_k=d5c97ab2acb9e4eb6c14b6abaad4bc2c&sce=60-4-3&rf=0-0|https://a1.qpic.cn/psc?/V13NCa9820LrLQ/ruAMsa53pVQWN7FLK88i5nmG20nv*JR1788IeklAVxVOCX4kq2vtTVG8*iemtIuoxYrpvSv2O8DyGnTp4bSAmc815DnF1sv1frw0nfZqQqA!/m&ek=1&kp=1&pt=0&bo=SAbTAkgG0wIWECA!&t=5&tl=3&vuin=3287424602&tm=1753462800&dis_t=1753464265&dis_k=3677fa5e79fb292b51b781382feb8585&sce=60-4-3&rf=0-0|https://a1.qpic.cn/psc?/V13NCa9820LrLQ/ruAMsa53pVQWN7FLK88i5nmG20nv*JR1788IeklAVxUvjYeXzuaN.dfjWnlklfBhw4mP9IbyvUMEgi55*g5r8Nh0HEpey6BLlFXcxgjhI0Q!/m&ek=1&kp=1&pt=0&bo=SAbTAkgG0wIWECA!&t=5&tl=3&vuin=3287424602&tm=1753462800&dis_t=1753464265&dis_k=57378396400b1d1dc215492b1ef6c3cd&sce=60-4-3&rf=0-0
2023年6月19日 23:16,想上学了，家人们,
2023年6月16日 16:15,和宵宫老婆在一起的两周年,https://a1.qpic.cn/psc?/V13NCa9820LrLQ/ruAMsa53pVQWN7FLK88i5tYnWL8TRBDYZL64N5GPjCpen3s*8Naa6CS9v*tlg.hSjfd7xMaNWNDsOi6z6L9QW7E66No.t3X*xXqWVkFMHD8!/m&ek=1&kp=1&pt=0&bo=bAk8BGwJPAQWECA!&t=5&tl=3&vuin=3287424602&tm=1753462800&dis_t=1753464265&dis_k=28a3ab6bf7bfe31e2a8c72ec1119ba0a&sce=60-4-3&rf=0-0|https://a1.qpic.cn/psc?/V13NCa9820LrLQ/ruAMsa53pVQWN7FLK88i5jxxurYMuUJhoHdOWA0Xlv8hUekClP*oeeu8WBlYuMdWYST7bh9EudTkhFJLNZT2uyE6WhfpFr9w31otdQGYyeU!/m&ek=1&kp=1&pt=0&bo=bAk8BGwJPAQWECA!&t=5&tl=3&vuin=3287424602&tm=1753462800&dis_t=1753464265&dis_k=0aeac7f411e21e7541f4de44beeaa5d0&sce=60-4-3&rf=0-0|https://a1.qpic.cn/psc?/V13NCa9820LrLQ/ruAMsa53pVQWN7FLK88i5jxxurYMuUJhoHdOWA0Xlv9f2AR7EQnUWSHLh5HdZT9kYt7q5GYSFK9oyhTckT9NRnvTPIcsEgNZcwWZ42xSRO4!/m&ek=1&kp=1&pt=0&bo=bAk8BGwJPAQWECA!&t=5&tl=3&vuin=3287424602&tm=1753462800&dis_t=1753464265&dis_k=64c38741b140e8cfc1f2864b04067891&sce=60-4-3&rf=0-0|https://a1.qpic.cn/psc?/V13NCa9820LrLQ/ruAMsa53pVQWN7FLK88i5jxxurYMuUJhoHdOWA0Xlv8ml1gRutCEnRKYnVvBz42FM6DJhJrkwmGL*DXowNd4VH*VPJxQG.q7gZgzT2o39Jk!/m&ek=1&kp=1&pt=0&bo=bAk8BGwJPAQWECA!&t=5&tl=3&vuin=3287424602&tm=1753462800&dis_t=1753464265&dis_k=e9058da1bf65146625c8b2494e03f362&sce=60-4-3&rf=0-0|https://a1.qpic.cn/psc?/V13NCa9820LrLQ/ruAMsa53pVQWN7FLK88i5jxxurYMuUJhoHdOWA0Xlv*3CQglhWJ9iPrq7Z960vD26k4kr.4KgdoTmILYbXkaahVwspENYw5kXGMEx7YjA*M!/m&ek=1&kp=1&pt=0&bo=bAk8BGwJPAQWECA!&t=5&tl=3&vuin=3287424602&tm=1753462800&dis_t=1753464265&dis_k=2880fa61dae2752aa643ab32d1a7a3ed&sce=60-4-3&rf=0-0
2023年6月9日 19:00,,https://a1.qpic.cn/psc?/V13NCa9820LrLQ/ruAMsa53pVQWN7FLK88i5vDc8ItwEFlid2TH.osVTANibDbpZhggzO5JzVwz9i*MeqLZU.YCPUMqqBUjq3dyG8inj*idiqT3c1GrZr6c.hc!/c&ek=1&kp=1&pt=0&bo=VQhABlUIQAYWECA!&t=5&tl=3&vuin=3287424602&tm=1753462800&dis_t=1753464265&dis_k=a6eef7c5c11c0814d7aa75842744202b&sce=60-2-2&rf=0-0
2023年5月28日 23:50,"若忘记家为何处，那么就许我带你们回家。
我们终会在森林里相会。",https://a1.qpic.cn/psc?/V13NCa9820LrLQ/ruAMsa53pVQWN7FLK88i5nmG20nv*JR1788IeklAVxX4cpVzFhxHqZ8JPjauTIWrTdqGclMqCM8qGLvp2o6wxt5jRxrYGxCLmrySVG2juiE!/m&ek=1&kp=1&pt=0&bo=VAk4BFQJOAQWECA!&t=5&tl=3&vuin=3287424602&tm=1753462800&dis_t=1753464265&dis_k=f20b127d22989fe9c983b4de4ac67e2f&sce=60-4-3&rf=0-0|https://a1.qpic.cn/psc?/V13NCa9820LrLQ/ruAMsa53pVQWN7FLK88i5nmG20nv*JR1788IeklAVxVJhWmwIgLRDf1vD6VpFfUxa.jvjCzSHtkYYqN1eIDZs.0KK6vBYb*TiTqV9*FDEdw!/m&ek=1&kp=1&pt=0&bo=VAk4BFQJOAQWECA!&t=5&tl=3&vuin=3287424602&tm=1753462800&dis_t=1753464265&dis_k=95c34fba2869ae5d9900698096a76535&sce=60-4-3&rf=0-0|https://a1.qpic.cn/psc?/V13NCa9820LrLQ/ruAMsa53pVQWN7FLK88i5qXrhdKO*Rrws8HW9aWdOa9EizT*8L7kzsb8dWIkt.MGcD5YrcZ3wZnv4DsThslXlMGEOTBM29SgvFhcsRlXfGs!/m&ek=1&kp=1&pt=0&bo=VAk4BFQJOAQWECA!&t=5&tl=3&vuin=3287424602&tm=1753462800&dis_t=1753464265&dis_k=f4f870d837f06bccb6a610cb45c50d3a&sce=60-4-3&rf=0-0
2023年5月1日 17:45,,https://a1.qpic.cn/psc?/V13NCa9820LrLQ/ruAMsa53pVQWN7FLK88i5g*IZPsZaN5McSxFuXSZZqL2AHwXlTizGNkhuzDPNeQYtRKjlL7k2ZhyG8gICrtuVKQ7uWnMRLvucgbjJAxuPMc!/c&ek=1&kp=1&pt=0&bo=*wYqA*8GKgMWECA!&t=5&tl=3&vuin=3287424602&tm=1753462800&dis_t=1753464265&dis_k=8fe40fdbaefa54e955da53eb6fabaf71&sce=60-2-2&rf=0-0
2023年4月19日 05:10,你以为这天是又一个很平常的日子，多年之后才发现，这其实是你人生里最棒的一天。这样的一天永远不会再有了。,
2023年3月24日 22:55,,https://pic.ugcimg.cn/b178d193452eb8e0fd1dadc76759ff87/jpg1
编辑于2023年3月27日 22:28,虚拟不再虚拟。,
2023年1月22日 06:30,那我们就迎着朝阳，一起采下视野所及之处的第一株薄荷吧。,https://a1.qpic.cn/psc?/V13NCa9820LrLQ/ruAMsa53pVQWN7FLK88i5gxZudvVAuOqJ96eVF24hEVY8Yox9V2guMrgivhoHK4CZc.VsKJTwzbPEXydNv5LoyCESWJn3CndXtRspLeWCMY!/c&ek=1&kp=1&pt=0&bo=*wYqA*8GKgMRECc!&t=5&tl=3&vuin=3287424602&tm=1753462800&dis_t=1753464270&dis_k=6aeeb894d176d0223a8bc261951e4e00&sce=60-2-2&rf=0-0|https://a1.qpic.cn/psc?/V13NCa9820LrLQ/ruAMsa53pVQWN7FLK88i5tdfFzR6Pym7KwutK8OVoqsYhLY.OhOsHeFQLKNVsJY1Y7x8oZUXYuPaldn1c*P.KqOByyAFeCv6TF4GYXEPmSs!/c&ek=1&kp=1&pt=0&bo=VAk4BFQJOAQRECc!&t=5&tl=3&vuin=3287424602&tm=1753462800&dis_t=1753464270&dis_k=00078ae149685664b4db3bdcdf0563f2&sce=60-2-2&rf=0-0
2023年1月19日 20:40,下辈子再也不要和喜欢的人不在一个次元了,
2022年12月23日 23:23,愿年年有今日，岁岁有今朝。,https://a1.qpic.cn/psc?/V13NCa9820LrLQ/ruAMsa53pVQWN7FLK88i5luFXZWw6Qi5oZR07wDczwlk278zZkMU*wZy3KtvS3rhkF23F2rH8*j3kcWo9jQQPInpTE1.OOpS071quE5Zi5w!/c&ek=1&kp=1&pt=0&bo=gAdkA4AHZAMWECA!&t=5&tl=3&vuin=3287424602&tm=1753462800&dis_t=1753464270&dis_k=200011d7477d9be98fc02c5a8552c400&sce=60-2-2&rf=0-0
2022年12月5日 11:25,,https://a1.qpic.cn/psc?/V13NCa9820LrLQ/ruAMsa53pVQWN7FLK88i5iKMBML28pL34EkFgHoj9exxr2NkWFZmkKKVW86YgVjb5IkfeW*cbfD0.tvscIBUBWX5TqnqcwWww9J6wHYvWtc!/c&ek=1&kp=1&pt=0&bo=gAdkA4AHZAMWECA!&t=5&tl=3&vuin=3287424602&tm=1753462800&dis_t=1753464270&dis_k=997a8a64d4965fe7aef279ed76ab137b&sce=60-2-2&rf=0-0
2022年12月4日 16:45,,https://pic.ugcimg.cn/d34f37d8c5aea402f2aa6e33603b6eff/jpg1
2022年12月1日 15:27,世界怎么还不毁灭,
2022年11月30日 20:09,原来健康码有三种颜色啊,
2022年10月3日 16:00,最后，森林会记住一切。,https://a1.qpic.cn/psc?/V13NCa9820LrLQ/ruAMsa53pVQWN7FLK88i5p3M6GJDXErqPJEiSPEOc*hC9uUDvA69dPN24Tqdt1.B..AE68VSeUyanFEUGHXhAN55bDrz.8Z3Ljqw8AjIBgA!/m&ek=1&kp=1&pt=0&bo=VAk4BFQJOAQWECA!&t=5&tl=3&vuin=3287424602&tm=1753462800&dis_t=1753464272&dis_k=2aa549c23751b9f9749bfafb30027753&sce=60-4-3&rf=0-0|https://a1.qpic.cn/psc?/V13NCa9820LrLQ/ruAMsa53pVQWN7FLK88i5p3M6GJDXErqPJEiSPEOc*ggxVuHxfKCQUXfF0HQu3eq7mCgp4*Fl9a0J4bJzTtkn3VSrrrMZbB4yv974Vhb7nE!/m&ek=1&kp=1&pt=0&bo=VAk4BFQJOAQWECA!&t=5&tl=3&vuin=3287424602&tm=1753462800&dis_t=1753464272&dis_k=e41d56382546cfc45e85681448a9629a&sce=60-4-3&rf=0-0|https://a1.qpic.cn/psc?/V13NCa9820LrLQ/ruAMsa53pVQWN7FLK88i5p3M6GJDXErqPJEiSPEOc*j5BtBHgpHA8n4jKfkWfHospbBlAW9qNwlEJmLg39d9lrhCuLTUmjYVxllibOECprQ!/m&ek=1&kp=1&pt=0&bo=VAk4BFQJOAQWECA!&t=5&tl=3&vuin=3287424602&tm=1753462800&dis_t=1753464272&dis_k=28c71b48ee9ff39b9ca121afc945066d&sce=60-4-3&rf=0-0|https://a1.qpic.cn/psc?/V13NCa9820LrLQ/ruAMsa53pVQWN7FLK88i5lO*3ResCAdgXo2rLFc3b8Ik7a5PIVic158GAccjGX7W.TQgWa2psXvayPUZLFVFE22odLl.jf.jlT6woMzhRLo!/m&ek=1&kp=1&pt=0&bo=VAk4BFQJOAQWECA!&t=5&tl=3&vuin=3287424602&tm=1753462800&dis_t=1753464272&dis_k=ccdef181ccbb14dfadd2ef59e630290a&sce=60-4-3&rf=0-0|https://a1.qpic.cn/psc?/V13NCa9820LrLQ/ruAMsa53pVQWN7FLK88i5lO*3ResCAdgXo2rLFc3b8IdJQVPgo5Xi0KAZFqOo4lL7KxF81Dc.Nm.Ii7vgGQNT8lthd0yww9BIsgUzV0ZuVU!/m&ek=1&kp=1&pt=0&bo=VAk4BFQJOAQWECA!&t=5&tl=3&vuin=3287424602&tm=1753462800&dis_t=1753464272&dis_k=e0ba2c90c86b523f1ce846a0bcd5cca4&sce=60-4-3&rf=0-0
2022年7月16日 00:08,放火烧山二人组,https://a1.qpic.cn/psc?/V13NCa9820LrLQ/ruAMsa53pVQWN7FLK88i5jxxurYMuUJhoHdOWA0Xlv8*N.jDKdECv2gHjef8IEeRFB1vVuHGfT5nYcvyKc4menJKGfg7Jp*1t81Bt9PPuL8!/b&ek=1&kp=1&pt=0&bo=HwUqAx8FKgMWECA!&t=5&tl=3&vuin=3287424602&tm=1753462800&dis_t=1753464272&dis_k=3edb3cbb8426cfa94014de34e0c9f5f9&sce=60-1-1&rf=0-0|https://a1.qpic.cn/psc?/V13NCa9820LrLQ/ruAMsa53pVQWN7FLK88i5jxxurYMuUJhoHdOWA0Xlv.V2PW868N7rKKa17tl7mreArW4iZ1nVd8*t.jdeYBOmPA.mAIQ71vTW39zpdVTihw!/c&ek=1&kp=1&pt=0&bo=*wYqA*8GKgMWECA!&t=5&tl=3&vuin=3287424602&tm=1753462800&dis_t=1753464272&dis_k=73cd8effea706f3fc476f745fdbe8d24&sce=60-2-2&rf=0-0
2022年7月9日 23:25,我将坠入黑暗，换你回到光明。,https://pic.ugcimg.cn/b6a5bb8067c07620d7e444e981323bb0/jpg1
2022年4月9日 13:30,把这个不完美的故事，变成我们所期望的样子。,https://pic.ugcimg.cn/4d395ee66eddec38c1924a66dfb18522/jpg1
2022年4月5日 12:30,,https://pic.ugcimg.cn/12f8b30fef2b91b5963b90e82a915711/jpg1
2022年2月3日 23:00,"彩霞换花火，花火知我愿。
我愿入夜空，夜空自甄明。",https://a1.qpic.cn/psc?/V13NCa9820LrLQ/ruAMsa53pVQWN7FLK88i5sJCjRqLb8IYKRxdpgiXN4f5CjUau*IMVx2xXmaMz34sfwA1q0qkVABvMBl5P9IHL9mis69oRglvkYxPgnPAvAo!/m&ek=1&kp=1&pt=0&bo=QAZVCEAGVQgRECc!&t=5&tl=3&vuin=3287424602&tm=1753462800&dis_t=1753464272&dis_k=36efc08129119714fce329d0e6343493&sce=60-4-3&rf=0-0|https://a1.qpic.cn/psc?/V13NCa9820LrLQ/ruAMsa53pVQWN7FLK88i5sJCjRqLb8IYKRxdpgiXN4fELYhaNfkph.E5RSzURx28j4Dp3XfNuCImmmviu8EsjQ9Lw.Vrc3wpuM8TtpA1UPA!/m&ek=1&kp=1&pt=0&bo=QAZVCEAGVQgRECc!&t=5&tl=3&vuin=3287424602&tm=1753462800&dis_t=1753464272&dis_k=7ab70e331dd54ae31cfe0f488ee177af&sce=60-4-3&rf=0-0|https://a1.qpic.cn/psc?/V13NCa9820LrLQ/ruAMsa53pVQWN7FLK88i5sJCjRqLb8IYKRxdpgiXN4fBaIV9Vwhy7PTEa8Dp4*HQRdP8cVjzzf51ll*WrAjGTrQcAKn7FdCJ5m9YVUTGOc4!/m&ek=1&kp=1&pt=0&bo=QAZVCEAGVQgRECc!&t=5&tl=3&vuin=3287424602&tm=1753462800&dis_t=1753464272&dis_k=624201f8f4892cba659e2e1a173055ff&sce=60-4-3&rf=0-0
2021年9月28日 22:40,,https://external-30160.picsz.qpic.cn/e09ec2e472fa152099e4d699422d8ec5/jpg1
2021年8月29日 15:15,,https://external-30160.picsz.qpic.cn/95a7acfeb1977d00dfa814c441cb9639/jpg1
2021年7月5日 11:40,,https://external-30160.picsz.qpic.cn/341d503894330e4002ce443b9c5a9bcc/jpg1
2021年5月16日 22:15,,https://external-30160.picsz.qpic.cn/847e8905f1ca29e870f10dbc858fbc8f/jpg1
2021年4月5日 09:50,,https://external-30160.picsz.qpic.cn/26e50eaa6843f683c48017054f042f26/jpg1
2021年1月28日 23:05,,https://external-30160.picsz.qpic.cn/fbdf2c4afc3d5d0f771a3d09725ec807/jpg1
2020年11月17日 22:55,,https://external-30160.picsz.qpic.cn/66804e71e7f4220622f93042809cf128/jpg1
2020年10月1日 17:00,,https://external-30160.picsz.qpic.cn/787fa118ac8a992c8c6d871d8f2bdd92/jpg1
2020年8月11日 22:20,,https://external-30160.picsz.qpic.cn/d606af843283030df26cb37ec3b7445e/jpg1
2020年7月23日 18:00,,https://external-30160.picsz.qpic.cn/c951846a589a3d36e7988318a6e6d567/jpg1
2020年3月26日 18:20,,http://p1.music.126.net/oohnKqUgkNEsYJHJDcGmZw==/19000660439857160.jpg
2020年3月12日 07:25,人道我贵，非我之贵也，此乃时也、运也、命也。,
2020年1月1日 20:20,,http://p1.music.126.net/CeunQ3-2fJvqNNHdxv84fA==/109951163170790698.jpg
2019年8月24日 16:57,,https://p1.music.126.net/NB2T5efJVblOxlncWPMl1g==/109951163844956774.jpg
